contact_id,first_name,last_name,email,gender,ip_address,ssn,phone
1,Horatia,Skeffington,hskeffington0@creativecommons.org,Female,42.90.8.207,472-10-7040,293-270-0944
2,Tobye,Tilly,ttilly1@blogs.com,Bigender,120.103.213.100,768-91-0112,813-379-9127
3,Celestyn,Endon,cendon2@google.pl,Female,176.148.232.68,129-54-5264,112-647-3558
4,Cherye,Angell,cangell3@home.pl,Non-binary,34.167.166.123,567-75-1501,228-191-1777
5,Ray,Crackett,rcrackett4@163.com,Female,23.199.141.198,797-02-1779,245-945-1405
6,Bunny,Salisbury,bsalisbury5@facebook.com,Genderfluid,162.184.197.84,797-51-3967,239-313-8881
7,Zolly,Ambrosoni,zambrosoni6@ameblo.jp,Male,184.205.9.83,553-20-2089,673-646-4406
8,Thadeus,Onion,tonion7@xing.com,Male,171.115.154.173,618-42-2908,262-154-7012
9,Clywd,Podbury,cpodbury8@google.com.br,Male,88.146.89.151,382-24-1127,862-415-4538
10,Sena,Kinleyside,skinleyside9@google.cn,Female,131.45.198.190,650-85-0187,329-994-2414
11,Nanete,Markus,nmarkusa@mac.com,Female,52.251.163.207,259-45-6412,361-948-7202
12,Herbie,Colvie,hcolvieb@parallels.com,Male,241.190.82.59,679-65-3260,693-454-4700
13,Randal,Arcase,rarcasec@washingtonpost.com,Male,179.62.210.93,868-65-8731,765-328-6395
14,Mal,Duligal,mduligald@springer.com,Genderfluid,142.207.57.54,553-61-4217,783-323-3115
15,Lazaro,Stennet,lstennete@hud.gov,Genderqueer,204.197.243.152,276-42-8264,559-317-7428
16,Beckie,Syddall,bsyddallf@ow.ly,Female,200.248.195.168,558-74-9849,265-908-8435
17,Doralia,Maffulli,dmaffullig@google.fr,Female,11.34.227.12,384-90-6835,150-414-9049
18,Cheslie,Vant,cvanth@ebay.com,Female,57.34.5.41,619-22-2160,519-284-9399
19,Nikoletta,Masey,nmaseyi@nsw.gov.au,Female,126.129.177.77,514-99-1655,207-156-4720
20,Alexio,Findlay,afindlayj@eventbrite.com,Male,193.164.244.193,203-79-3023,364-868-2399
21,Wendye,Lougheed,wlougheedk@domainmarket.com,Female,131.157.225.131,584-88-0570,468-492-3722
22,Timi,Giacomini,tgiacominil@google.com,Female,252.254.82.219,300-61-6146,394-339-3027
23,Ulises,Gebuhr,ugebuhrm@taobao.com,Male,33.63.69.163,243-64-2678,933-489-9783
24,Edie,Gergus,egergusn@tumblr.com,Female,6.73.42.81,789-06-3546,265-902-8847
25,Kaylyn,Openshaw,kopenshawo@princeton.edu,Female,175.56.158.199,731-74-7327,191-261-3368
26,Dorolisa,Berry,dberryp@w3.org,Female,23.137.23.17,810-47-0716,306-905-1295
27,Sawyere,Curnick,scurnickq@ucoz.com,Male,188.49.171.17,583-97-4263,532-423-2483
28,Colman,Wolsey,cwolseyr@facebook.com,Male,196.223.55.128,296-58-9693,621-618-1113
29,Harlin,Newbegin,hnewbegins@epa.gov,Male,165.26.40.126,400-38-5455,343-509-4677
30,My,Wyman,mwymant@addtoany.com,Male,16.199.206.77,416-14-8781,843-473-7437
31,Bobette,Haggleton,bhaggletonu@biglobe.ne.jp,Female,160.185.224.54,274-56-7789,231-800-4144
32,Gabrila,Sillis,gsillisv@wired.com,Polygender,141.98.212.64,419-71-6568,907-607-6687
33,Ortensia,Loding,olodingw@ning.com,Female,45.185.195.206,647-01-5430,936-365-0949
34,Shandie,Tuckey,stuckeyx@answers.com,Female,153.13.70.63,898-01-2577,482-363-1547
35,Shandy,Tille,stilley@hugedomains.com,Female,108.69.68.147,644-11-6544,100-934-0369
36,Ralina,Saffle,rsafflez@github.com,Female,135.176.17.201,353-35-2048,828-313-5815
37,Micki,Huggen,mhuggen10@sourceforge.net,Female,198.91.110.188,809-98-5399,771-312-4533
38,My,Pelfer,mpelfer11@kickstarter.com,Male,162.134.246.183,844-98-0195,169-656-5476
39,Dulcea,Paten,dpaten12@theglobeandmail.com,Female,54.132.147.163,636-12-7715,165-902-8572
40,Kaitlin,Chatters,kchatters13@about.com,Female,75.1.194.187,121-79-8776,103-838-5166
41,Irwin,Lyness,ilyness14@linkedin.com,Male,191.122.208.139,745-03-8881,964-935-8936
42,Jorry,Gerbl,jgerbl15@biblegateway.com,Genderqueer,108.97.57.213,636-85-0955,102-173-6121
43,Mariam,Jurczak,mjurczak16@nsw.gov.au,Female,149.232.230.40,814-88-6155,206-154-9826
44,Yorgos,Cowpertwait,ycowpertwait17@domainmarket.com,Genderqueer,66.252.42.10,492-94-1070,765-460-1318
45,Ceil,Wyrall,cwyrall18@rediff.com,Polygender,142.32.243.74,366-64-6954,488-185-7526
46,Annora,Bowle,abowle19@redcross.org,Polygender,90.162.6.111,506-58-3218,217-873-3586
47,Appolonia,Mussard,amussard1a@tripadvisor.com,Female,19.158.111.247,827-34-4965,572-681-2596
48,Emma,Rodman,erodman1b@scribd.com,Bigender,248.147.145.99,466-60-4932,185-404-3433
49,Pincus,Posten,pposten1c@github.io,Male,227.81.47.110,296-41-0987,202-279-7337
50,Gladi,Baglow,gbaglow1d@cisco.com,Female,41.219.122.128,733-82-4613,102-973-0890
51,Joe,Fancutt,jfancutt1e@jigsy.com,Male,22.108.203.146,379-60-6778,851-234-1895
52,Aundrea,Dicker,adicker1f@admin.ch,Female,169.123.56.194,396-43-6381,414-474-2967
53,Martin,Geoghegan,mgeoghegan1g@ihg.com,Male,210.48.204.148,581-33-6454,622-756-3131
54,Cooper,Corkan,ccorkan1h@hibu.com,Male,227.106.154.102,114-57-0990,943-344-9224
55,Clarette,Tarbox,ctarbox1i@altervista.org,Female,114.98.84.130,265-01-1185,369-188-4965
56,Stanford,Hedley,shedley1j@hc360.com,Male,35.87.229.170,199-96-9544,646-722-0884
57,Coral,Philippon,cphilippon1k@ucoz.com,Female,110.97.227.146,581-59-4406,775-167-5741
58,Reeva,Dutch,rdutch1l@artisteer.com,Female,186.70.243.52,518-22-2948,520-547-4412
59,Lyndell,Minter,lminter1m@unblog.fr,Female,165.35.245.118,661-84-1912,705-337-5309
60,Rosabelle,Rossetti,rrossetti1n@epa.gov,Female,116.178.33.97,777-63-2312,204-916-3171
61,Tiphany,Deeny,tdeeny1o@simplemachines.org,Female,64.131.111.17,639-98-0008,815-172-0307
62,Erica,Sebert,esebert1p@cmu.edu,Female,75.34.118.201,373-77-3281,141-915-5030
63,Bradan,Listone,blistone1q@g.co,Male,184.83.181.175,196-90-2951,907-493-5518
64,Ali,Ghelarducci,aghelarducci1r@xinhuanet.com,Male,132.67.171.125,856-26-1127,302-192-5532
65,Eran,Elcott,eelcott1s@oaic.gov.au,Female,186.78.102.49,506-55-5274,222-839-2392
66,Willie,Hayer,whayer1t@about.com,Female,210.242.100.80,333-55-4236,428-113-9791
67,Cordelia,Peckitt,cpeckitt1u@shinystat.com,Polygender,143.12.83.93,558-23-4982,206-633-2880
68,Nancee,Babalola,nbabalola1v@wufoo.com,Female,33.135.61.173,353-92-2119,453-553-9613
69,Rube,Hatchard,rhatchard1w@twitpic.com,Male,70.71.56.250,111-43-8520,868-206-4151
70,Austina,Hitschke,ahitschke1x@symantec.com,Female,187.185.70.231,554-17-1203,231-170-3224
71,Cynde,Keatch,ckeatch1y@google.ca,Female,121.128.239.142,328-08-2645,898-528-4849
72,Clementia,Targetter,ctargetter1z@webnode.com,Female,169.163.60.221,744-84-0056,622-854-3165
73,Tatiania,Leach,tleach20@cafepress.com,Female,142.244.160.30,430-25-1703,958-446-3859
74,Dyana,Waszczyk,dwaszczyk21@msu.edu,Female,169.4.30.236,485-57-6578,867-376-2420
75,Sonny,Osselton,sosselton22@sogou.com,Non-binary,176.218.35.101,520-24-4046,103-253-2497
76,Vivyanne,Aglione,vaglione23@mail.ru,Female,63.78.180.176,806-14-9939,639-516-9756
77,Chrystel,Whoston,cwhoston24@topsy.com,Female,226.160.12.127,423-36-5788,195-924-9684
78,Krystalle,Longworth,klongworth25@xing.com,Female,35.231.112.213,326-96-1048,515-110-9372
79,Ashbey,Kemble,akemble26@mapy.cz,Male,175.113.215.203,679-58-7373,289-382-0728
80,Hy,Dodshon,hdodshon27@phoca.cz,Male,66.176.119.79,486-55-9916,771-141-3376
81,Gayel,Edlestone,gedlestone28@skype.com,Female,133.39.99.127,267-09-3282,909-864-8696
82,Beverlie,Fullager,bfullager29@nsw.gov.au,Female,196.120.38.147,183-14-5071,268-832-3368
83,El,Messingham,emessingham2a@furl.net,Male,208.136.120.159,403-54-1763,408-777-7350
84,Duffie,Tilliard,dtilliard2b@uol.com.br,Male,237.113.22.91,543-33-5532,378-416-4426
85,Lucila,McCathie,lmccathie2c@t-online.de,Female,112.252.21.139,639-76-6860,230-743-9544
86,Edna,Avramov,eavramov2d@biglobe.ne.jp,Female,56.117.204.53,655-92-1628,344-984-2795
87,Bellina,Balkwill,bbalkwill2e@gmpg.org,Female,142.64.252.114,385-17-1591,362-326-2622
88,Viola,Loveless,vloveless2f@globo.com,Female,133.51.87.192,234-94-2511,544-706-1007
89,Samuele,Langfield,slangfield2g@mayoclinic.com,Male,37.27.251.241,874-15-0963,947-573-1627
90,Nadine,Gerb,ngerb2h@prlog.org,Polygender,56.27.20.166,312-88-4773,115-183-3775
91,Dara,Giurio,dgiurio2i@dailymail.co.uk,Female,33.2.170.154,225-52-6033,571-196-0063
92,Erhart,Scampion,escampion2j@mashable.com,Male,50.172.21.154,507-73-2031,826-860-3900
93,Yancey,Joron,yjoron2k@mapquest.com,Male,253.63.113.83,809-20-5197,786-543-6520
94,Norine,Bushell,nbushell2l@dyndns.org,Female,204.77.255.71,749-79-9688,499-803-5425
95,Kin,Eshelby,keshelby2m@eepurl.com,Agender,242.27.26.28,434-60-1451,432-481-1233
96,Bern,Sussems,bsussems2n@disqus.com,Male,167.152.174.113,270-88-3144,686-286-7531
97,Darcee,Babber,dbabber2o@fc2.com,Female,184.132.178.108,870-65-7716,940-292-7398
98,Hinda,Ridler,hridler2p@cafepress.com,Female,232.86.250.54,646-75-6481,582-119-5457
99,Bowie,Sowten,bsowten2q@unicef.org,Male,174.239.53.197,806-89-9630,473-165-4915
100,Luther,Milsap,lmilsap2r@pbs.org,Male,64.52.115.251,731-11-4043,204-541-5919
101,Janessa,Cutforth,jcutforth2s@altervista.org,Female,56.156.99.185,759-17-4458,595-983-8103
102,Ardelle,Casa,acasa2t@toplist.cz,Female,94.230.92.136,113-46-2683,962-834-6197
103,Shay,Tyndall,styndall2u@umich.edu,Male,190.31.65.102,777-29-5991,342-406-5025
104,Roshelle,Mattingson,rmattingson2v@hud.gov,Female,7.74.180.241,777-22-4394,132-917-1946
105,Danya,Balnave,dbalnave2w@hud.gov,Female,84.52.28.52,736-52-3450,750-239-9535
106,Jakob,Scyner,jscyner2x@scribd.com,Non-binary,18.172.207.33,498-80-6575,990-128-2963
107,Romonda,Cancott,rcancott2y@live.com,Female,22.77.250.16,275-72-1568,440-122-0044
108,Aggy,Davioud,adavioud2z@wordpress.com,Female,54.65.243.44,314-32-5340,944-822-3201
109,Kerk,Haslewood,khaslewood30@alibaba.com,Male,201.119.59.6,337-01-2063,720-401-3164
110,Lonee,Barta,lbarta31@joomla.org,Female,148.158.132.105,813-70-9878,970-422-1411
111,Cleveland,Persence,cpersence32@cisco.com,Male,118.89.144.171,560-30-0816,539-379-5199
112,Rodie,Harragin,rharragin33@wikipedia.org,Female,54.69.174.193,789-62-0121,479-840-6905
113,Claire,Elfes,celfes34@gmpg.org,Female,108.116.122.252,831-10-2109,133-800-1274
114,Ashly,Gatesman,agatesman35@nasa.gov,Female,136.33.69.121,487-24-9504,483-290-9878
115,Dewie,Capewell,dcapewell36@webs.com,Male,123.212.107.148,844-32-1224,837-108-3445
116,Cecil,Venton,cventon37@123-reg.co.uk,Male,22.157.74.68,122-28-9370,462-411-9756
117,Farlee,Ghest,fghest38@cocolog-nifty.com,Male,197.213.130.57,661-89-9105,689-824-7276
118,Ronny,Moston,rmoston39@cbslocal.com,Female,132.94.50.48,755-86-3824,143-965-2702
119,Euell,Biggans,ebiggans3a@loc.gov,Male,191.231.226.48,755-32-9139,703-849-5966
120,Elbert,Biasini,ebiasini3b@xrea.com,Male,126.32.173.138,384-57-7068,856-329-9721
121,Launce,Esposito,lesposito3c@ted.com,Male,229.161.141.29,379-12-4483,605-565-9830
122,Riva,Miklem,rmiklem3d@vistaprint.com,Female,38.142.248.103,897-05-4963,201-592-0129
123,Gae,Schneidau,gschneidau3e@wordpress.com,Female,224.31.221.152,601-08-3024,577-156-1835
124,Geraldine,Rivallant,grivallant3f@studiopress.com,Female,84.197.136.139,832-50-1343,808-190-7095
125,Lavinia,Peert,lpeert3g@senate.gov,Female,120.178.130.147,316-30-3434,913-669-3581
126,Josie,Gaenor,jgaenor3h@spiegel.de,Female,129.149.11.211,799-59-4964,199-246-0700
127,Vidovic,Durnell,vdurnell3i@ezinearticles.com,Male,122.19.237.225,133-09-2166,198-872-8245
128,Lucie,Coweuppe,lcoweuppe3j@nyu.edu,Female,0.167.172.12,399-53-0677,255-242-6807
129,Cody,Ambrosetti,cambrosetti3k@blogtalkradio.com,Female,68.2.165.27,451-03-9619,328-246-4939
130,Ileana,Connor,iconnor3l@sbwire.com,Female,93.141.144.51,563-93-9228,212-812-3950
131,Hort,Dawtre,hdawtre3m@nasa.gov,Male,124.182.21.80,615-93-4901,927-962-2618
132,Kelbee,Drinkhall,kdrinkhall3n@reference.com,Male,214.75.79.198,352-78-4873,272-397-0727
133,Dorrie,Rouse,drouse3o@joomla.org,Female,95.210.30.220,679-15-6991,145-708-4424
134,Suzann,McTavish,smctavish3p@jalbum.net,Genderqueer,124.90.105.185,340-80-5595,855-681-8221
135,Alair,Marczyk,amarczyk3q@furl.net,Male,204.192.93.241,786-29-0031,387-682-1985
136,Dodie,Dench,ddench3r@yale.edu,Female,197.205.4.6,241-34-6397,516-239-5929
137,Mathilde,Dumper,mdumper3s@columbia.edu,Female,109.183.91.235,638-86-9664,275-583-9992
138,Madelina,Wigelsworth,mwigelsworth3t@geocities.com,Female,218.68.145.95,107-39-7200,189-377-3500
139,Moyna,Shelmerdine,mshelmerdine3u@abc.net.au,Female,48.197.199.128,773-47-9145,955-362-4339
140,Penelopa,Quinsee,pquinsee3v@ft.com,Female,140.28.47.222,336-77-9231,824-859-5536
141,Case,Stanyland,cstanyland3w@nbcnews.com,Male,73.49.14.111,721-07-4935,301-998-9666
142,Franni,Morfell,fmorfell3x@woothemes.com,Female,163.173.92.2,310-35-5652,361-928-8202
143,Arlene,Philbin,aphilbin3y@theatlantic.com,Female,13.93.123.214,480-56-3735,419-834-5649
144,Bruno,Hamson,bhamson3z@guardian.co.uk,Male,122.11.101.131,470-03-9275,239-902-0055
145,Jimmie,Baggelley,jbaggelley40@marriott.com,Male,213.135.252.129,870-42-7671,775-974-7124
146,Trent,Boothman,tboothman41@usa.gov,Male,34.46.52.56,113-20-2650,250-316-5492
147,Trever,Ross,tross42@hatena.ne.jp,Male,161.56.115.93,763-46-4540,130-629-9185
148,Olav,Dell Casa,odellcasa43@bloglovin.com,Male,37.169.247.188,376-66-5600,585-196-7601
149,Tatum,Clinkard,tclinkard44@pen.io,Female,1.145.113.21,876-86-9722,222-350-9912
150,Jolie,Ashton,jashton45@wikia.com,Female,75.102.11.7,347-54-9264,660-522-3535
151,Saleem,Streak,sstreak46@over-blog.com,Male,250.116.15.205,707-89-4884,741-971-3802
152,Teddi,Need,tneed47@parallels.com,Female,89.68.74.246,159-41-7110,447-672-6546
153,Philly,Hartopp,phartopp48@cdbaby.com,Female,253.23.73.113,157-45-3160,168-504-0066
154,Clay,Kornousek,ckornousek49@unicef.org,Male,242.35.57.79,206-40-8085,287-866-4166
155,Aggie,Scurrey,ascurrey4a@wiley.com,Female,93.100.34.106,530-87-9492,469-987-0941
156,Arlen,Strongman,astrongman4b@about.com,Male,104.116.35.31,157-62-8273,808-327-8430
157,Dean,Blunsum,dblunsum4c@nature.com,Male,214.80.197.162,492-73-7162,360-812-6315
158,Emlyn,Iban,eiban4d@friendfeed.com,Male,137.173.25.245,323-20-3411,365-524-2992
159,Kirstin,Sexstone,ksexstone4e@globo.com,Female,90.23.250.204,681-83-4732,901-195-1249
160,Pietra,Headings,pheadings4f@cornell.edu,Female,100.16.144.52,460-39-9184,345-914-3182
161,Stephanus,Horsewood,shorsewood4g@seesaa.net,Male,193.41.254.239,748-82-2184,430-797-8959
162,Job,Spours,jspours4h@about.com,Male,188.116.216.237,225-02-1746,749-470-1451
163,Elane,Bennellick,ebennellick4i@yale.edu,Female,69.134.65.80,637-50-9391,413-208-7075
164,Annalise,Jordon,ajordon4j@bbb.org,Female,117.236.191.84,588-78-3077,286-340-4019
165,Algernon,Freezor,afreezor4k@delicious.com,Male,211.136.44.195,515-11-0898,820-577-9745
166,Maddi,Paulmann,mpaulmann4l@flickr.com,Female,38.56.67.30,272-98-8093,452-861-6985
167,Cinda,BoHlingolsen,cbohlingolsen4m@usa.gov,Female,37.40.67.194,166-76-2757,315-325-2715
168,Ross,Searby,rsearby4n@webnode.com,Male,78.150.164.163,722-79-1881,638-454-3792
169,Almire,Arnholtz,aarnholtz4o@opera.com,Female,90.123.230.118,166-76-4048,603-805-1121
170,Marin,Cleever,mcleever4p@typepad.com,Female,165.122.64.61,422-08-4613,121-602-8361
171,Jeanie,Curtiss,jcurtiss4q@goo.gl,Female,206.60.147.133,699-24-3034,279-309-5546
172,Valerye,Prator,vprator4r@blinklist.com,Female,115.173.196.109,892-96-0802,971-551-6414
173,Amandie,Gleed,agleed4s@time.com,Female,249.96.62.157,147-87-1095,779-715-6980
174,Edlin,Windham,ewindham4t@aboutads.info,Male,86.138.192.27,779-21-2378,932-703-4627
175,Ingaberg,McCreedy,imccreedy4u@dropbox.com,Female,50.233.32.156,433-08-5223,719-699-0871
176,Townie,Mufford,tmufford4v@angelfire.com,Male,40.240.123.22,556-75-2207,291-823-8247
177,Twyla,Michie,tmichie4w@yale.edu,Female,98.6.47.120,245-64-3791,189-505-6101
178,Malia,Blackey,mblackey4x@mlb.com,Female,47.242.150.17,156-54-7035,166-735-5048
179,Redd,Gabriely,rgabriely4y@google.es,Male,12.240.13.37,320-24-2587,587-474-8800
180,Herold,Lawles,hlawles4z@exblog.jp,Non-binary,153.137.183.132,146-26-9850,767-821-0576
181,Edita,Whellans,ewhellans50@whitehouse.gov,Female,157.195.204.139,817-12-9534,843-201-4722
182,Mac,Stranaghan,mstranaghan51@psu.edu,Male,42.29.116.159,838-03-1205,349-236-9580
183,Gunilla,Bedinham,gbedinham52@discuz.net,Female,235.237.211.169,580-55-2627,924-108-9891
184,Zola,Majury,zmajury53@biblegateway.com,Female,26.195.118.94,836-02-8587,125-111-8511
185,Sela,Braam,sbraam54@blogtalkradio.com,Agender,251.211.220.201,436-66-5571,106-547-0855
186,Letti,Mc Faul,lmcfaul55@thetimes.co.uk,Female,128.80.91.18,587-17-4398,648-133-5877
187,Cherry,Loeber,cloeber56@icio.us,Female,243.59.158.230,531-91-4947,374-139-4772
188,Chrissie,De Hailes,cdehailes57@drupal.org,Male,105.94.78.174,505-69-0856,752-230-9673
189,Hyacintha,Sheward,hsheward58@simplemachines.org,Female,129.169.220.3,580-85-5846,497-288-1934
190,Lonni,Beeken,lbeeken59@infoseek.co.jp,Female,244.158.23.65,355-19-2069,804-515-7760
191,Rufe,Jakubovsky,rjakubovsky5a@gmpg.org,Male,236.196.130.174,233-55-5778,190-863-1025
192,Rosamund,Cristofari,rcristofari5b@issuu.com,Female,81.160.135.22,336-38-5148,397-526-1416
193,Charles,Pesek,cpesek5c@trellian.com,Male,47.61.5.183,705-05-3257,482-736-6988
194,Renae,Cartmell,rcartmell5d@biglobe.ne.jp,Female,15.148.58.132,425-85-9149,507-738-4713
195,Lay,Bowerman,lbowerman5e@miitbeian.gov.cn,Male,34.74.72.143,822-88-4111,822-618-0372
196,Gayel,Sorrill,gsorrill5f@vk.com,Female,201.227.41.159,492-30-0241,669-732-3358
197,Benji,Shimoni,bshimoni5g@soup.io,Male,118.186.225.16,166-32-4184,111-268-2690
198,Julia,Roan,jroan5h@answers.com,Female,16.163.232.92,453-32-1612,903-431-4124
199,Katee,Shevlane,kshevlane5i@ezinearticles.com,Female,158.55.146.230,899-20-7394,766-218-1688
200,Iggie,Cowper,icowper5j@mit.edu,Male,110.209.232.255,823-56-3645,181-132-1450
201,Aleece,Clowley,aclowley5k@lulu.com,Female,103.104.119.98,880-53-0917,321-222-2191
202,Dagny,Maffy,dmaffy5l@ehow.com,Male,74.182.174.120,266-31-0533,609-682-9527
203,Heinrik,Palia,hpalia5m@yahoo.co.jp,Male,121.119.234.248,536-54-2168,785-535-2023
204,Rob,Camies,rcamies5n@timesonline.co.uk,Male,167.55.223.158,323-42-3102,450-889-8703
205,Perrine,Freiberg,pfreiberg5o@earthlink.net,Female,46.136.118.122,743-08-4320,526-126-9510
206,Chrissy,Shuxsmith,cshuxsmith5p@live.com,Female,132.22.252.50,630-12-1861,748-113-8926
207,Lek,Tsarovic,ltsarovic5q@businessweek.com,Male,14.184.6.14,586-17-9348,263-669-7784
208,Mathilda,Hassard,mhassard5r@cyberchimps.com,Female,28.147.72.100,296-34-0653,393-191-3550
209,Lilith,Mahaddie,lmahaddie5s@bloglines.com,Female,233.119.113.107,634-64-0719,925-100-9575
210,Ibby,Storrie,istorrie5t@sogou.com,Female,163.170.214.121,162-96-3085,375-607-0358
211,Tore,Brose,tbrose5u@reuters.com,Male,52.195.89.70,334-35-0090,127-596-9725
212,Lenore,Goulbourne,lgoulbourne5v@army.mil,Female,141.31.201.11,783-03-6759,333-445-1509
213,Muriel,Cleminson,mcleminson5w@soundcloud.com,Female,228.228.115.164,736-97-4560,112-190-2555
214,Kaja,Feore,kfeore5x@mtv.com,Female,68.147.43.209,289-32-4877,101-493-0884
215,Bidget,Board,bboard5y@sfgate.com,Female,54.19.197.122,330-27-0761,354-741-3020
216,Cassey,Iron,ciron5z@mashable.com,Female,223.130.162.40,605-09-4131,141-589-6304
217,Tod,Hockell,thockell60@bandcamp.com,Male,52.185.233.195,610-53-7650,227-540-6147
218,Travus,Betts,tbetts61@g.co,Male,176.251.247.87,553-27-1046,148-674-6101
219,Archaimbaud,Lowery,alowery62@mediafire.com,Male,82.137.139.165,694-89-6135,398-945-5456
220,Merrily,Bridson,mbridson63@cpanel.net,Non-binary,132.70.135.56,640-14-9115,156-996-8296
221,Alli,Carwithan,acarwithan64@yelp.com,Agender,157.177.10.253,724-36-9330,886-540-2822
222,Tully,Sambiedge,tsambiedge65@amazon.de,Male,22.217.84.30,774-95-6491,212-711-9335
223,Annissa,Simenet,asimenet66@fotki.com,Female,166.65.56.46,403-80-6836,903-513-3395
224,Aprilette,Kelk,akelk67@cnn.com,Bigender,81.199.54.170,189-16-9225,662-574-8751
225,Pat,Fiske,pfiske68@discuz.net,Male,108.165.124.5,124-32-3279,572-562-9135
226,Lauren,Durno,ldurno69@cbc.ca,Agender,45.222.168.19,642-56-5744,425-582-3150
227,Yolanthe,Habbes,yhabbes6a@ycombinator.com,Genderfluid,154.201.214.118,581-73-0403,314-620-2736
228,Con,Burrells,cburrells6b@ehow.com,Male,99.173.224.51,310-68-6770,782-147-4808
229,Lemuel,Blinckhorne,lblinckhorne6c@jigsy.com,Male,168.221.250.11,117-70-8446,589-219-6070
230,Bryon,Dewire,bdewire6d@wikispaces.com,Male,88.127.236.87,851-35-5645,376-900-7833
231,Eben,Kennedy,ekennedy6e@mozilla.org,Male,231.134.104.142,693-21-3694,281-205-8839
232,Antonella,Pankethman,apankethman6f@biblegateway.com,Female,197.19.225.5,566-31-4928,300-741-8318
233,Brennan,Govan,bgovan6g@rambler.ru,Male,236.129.7.12,647-36-5863,294-451-8541
234,Julina,Clorley,jclorley6h@walmart.com,Female,84.8.244.137,396-22-0725,290-682-6616
235,Antin,Skellen,askellen6i@ask.com,Male,79.251.252.56,146-94-4499,381-531-8082
236,Lindsy,Blue,lblue6j@cyberchimps.com,Female,212.164.202.115,878-92-6996,903-848-5587
237,Maximo,Stickley,mstickley6k@ifeng.com,Male,225.63.2.196,606-18-7498,764-100-4493
238,Haleigh,Paulig,hpaulig6l@wunderground.com,Female,198.252.95.217,766-76-7326,685-503-9838
239,Jorgan,Izatt,jizatt6m@state.tx.us,Male,215.180.91.253,671-45-5241,192-735-6370
240,Timothea,Niles,tniles6n@ifeng.com,Female,179.70.105.49,527-96-6030,725-454-0381
241,Padriac,Geffe,pgeffe6o@furl.net,Polygender,26.189.60.143,489-15-1619,237-712-3547
242,Tedie,Kirk,tkirk6p@google.pl,Male,60.170.92.38,788-55-0540,588-223-3862
243,Derwin,MacCahey,dmaccahey6q@nbcnews.com,Male,221.225.155.86,576-15-7038,368-391-1086
244,Cyndy,Libby,clibby6r@answers.com,Female,14.130.179.115,698-87-0419,107-794-3833
245,Mareah,Plan,mplan6s@squarespace.com,Female,3.51.18.23,437-83-2720,436-120-3482
246,Sky,Leason,sleason6t@fda.gov,Male,232.171.67.127,879-77-1781,394-267-7026
247,Julia,Crosher,jcrosher6u@dion.ne.jp,Genderqueer,190.227.239.10,344-20-7442,776-231-0182
248,Alica,Pinor,apinor6v@sbwire.com,Female,45.210.60.88,690-24-8140,953-543-0790
249,Annissa,Lawrence,alawrence6w@sohu.com,Bigender,1.100.169.52,855-46-9382,756-598-6296
250,Cosme,L'oiseau,cloiseau6x@pbs.org,Male,219.174.183.168,592-70-9289,215-612-5186
251,Farly,Hansberry,fhansberry6y@xrea.com,Male,160.26.221.17,558-26-1023,608-354-9768
252,Pryce,Reichardt,preichardt6z@wired.com,Male,220.239.115.169,674-05-6104,536-430-3957
253,Yovonnda,Courtin,ycourtin70@booking.com,Female,54.10.33.119,515-66-2134,719-662-3870
254,Jess,Lundberg,jlundberg71@yahoo.com,Non-binary,202.190.24.172,561-40-4366,794-778-9924
255,Nollie,Jira,njira72@about.com,Male,173.168.73.61,344-64-4706,202-244-8676
256,Spencer,Heinle,sheinle73@sohu.com,Male,26.185.94.41,759-14-5143,263-496-6633
257,Max,Pittway,mpittway74@hexun.com,Male,177.155.45.170,560-88-2146,451-479-4706
258,Ingmar,Nutkin,inutkin75@discuz.net,Male,253.175.199.123,217-12-2760,607-271-2356
259,Jackie,Gerrietz,jgerrietz76@weather.com,Male,237.220.148.113,864-59-6906,323-946-6402
260,Gleda,Sturge,gsturge77@shareasale.com,Female,128.146.205.110,153-94-8632,266-117-0569
261,Palm,Stenyng,pstenyng78@photobucket.com,Male,152.142.42.153,668-35-5394,750-246-9192
262,Elyn,Hrus,ehrus79@lycos.com,Female,73.12.245.116,694-42-7946,348-678-2524
263,Linc,Ginger,lginger7a@google.com.hk,Male,61.131.201.116,550-20-2439,927-779-5335
264,Marj,Priver,mpriver7b@phpbb.com,Genderfluid,107.222.65.93,166-50-8597,833-380-9962
265,Lennard,Capitano,lcapitano7c@microsoft.com,Male,206.112.14.99,823-70-7460,619-145-6129
266,Dulsea,Murney,dmurney7d@guardian.co.uk,Bigender,54.60.52.164,444-92-5050,365-527-2686
267,Alysa,Tunuy,atunuy7e@forbes.com,Female,27.128.168.83,472-82-1452,268-579-0394
268,Vinita,Shires,vshires7f@constantcontact.com,Female,30.60.228.21,765-41-7205,823-560-6515
269,Tarah,Koppen,tkoppen7g@smugmug.com,Female,121.255.225.39,541-26-7134,512-535-1215
270,Abigail,Coulthart,acoulthart7h@indiatimes.com,Female,91.203.213.230,219-03-8080,954-918-6213
271,Bryna,Petche,bpetche7i@paginegialle.it,Female,3.225.16.228,694-19-7633,365-378-9811
272,Taryn,Andreutti,tandreutti7j@princeton.edu,Female,51.148.240.88,301-46-5508,770-126-7562
273,Elsinore,Mechi,emechi7k@time.com,Female,64.144.67.199,196-72-0917,298-827-2628
274,Christyna,Stride,cstride7l@networkadvertising.org,Female,177.42.210.139,151-30-5715,513-535-4145
275,Floris,Greenacre,fgreenacre7m@moonfruit.com,Female,2.99.97.151,629-06-3521,794-132-9050
276,Liana,Van Oord,lvanoord7n@ning.com,Female,86.138.204.247,218-71-5039,312-546-1693
277,Adelice,Bidewell,abidewell7o@yellowpages.com,Female,232.217.15.231,663-40-2642,989-112-9283
278,Norby,Massimi,nmassimi7p@google.com.hk,Male,134.32.198.51,264-58-4880,360-468-4914
279,Efrem,Remer,eremer7q@independent.co.uk,Male,250.149.67.140,568-88-1951,637-121-0407
280,Gerard,McCord,gmccord7r@constantcontact.com,Male,91.6.161.205,453-23-4464,452-685-2896
281,Jerome,Jakes,jjakes7s@kickstarter.com,Male,209.206.82.231,711-91-0185,687-641-6658
282,Pierson,Furnell,pfurnell7t@cbsnews.com,Genderqueer,190.185.240.255,751-80-7343,848-484-3912
283,Lorry,Dudhill,ldudhill7u@51.la,Agender,120.114.144.108,108-65-3186,491-375-2980
284,Jaimie,Duerden,jduerden7v@aboutads.info,Female,102.25.26.131,816-17-5636,803-392-1916
285,Frederigo,Deniskevich,fdeniskevich7w@stanford.edu,Male,88.61.48.152,757-91-4653,689-134-7709
286,Tiphanie,Bowick,tbowick7x@hostgator.com,Female,149.28.82.197,647-02-2843,345-843-9966
287,Leonerd,Mc Gee,lmcgee7y@tumblr.com,Male,57.243.38.128,127-73-8082,451-592-6746
288,Kiersten,Josskovitz,kjosskovitz7z@japanpost.jp,Female,223.62.58.56,438-68-2195,530-265-7736
289,Jae,Aves,javes80@hc360.com,Male,190.248.147.77,438-25-6087,112-845-0524
290,Jolyn,Bleythin,jbleythin81@nymag.com,Female,108.243.47.59,394-03-5935,669-433-2487
291,Risa,Ginglell,rginglell82@mayoclinic.com,Female,93.168.212.217,438-56-6572,343-916-5870
292,Ruddy,Mc Carrick,rmccarrick83@amazonaws.com,Male,250.208.183.109,593-72-5468,309-757-6168
293,Thebault,Ledingham,tledingham84@xinhuanet.com,Male,243.141.170.205,132-37-8294,448-311-3931
294,Nickolaus,Rook,nrook85@tinyurl.com,Male,147.196.100.4,597-10-7252,198-925-5027
295,Kirsten,Scrannage,kscrannage86@whitehouse.gov,Female,156.7.235.125,202-90-3450,933-883-7204
296,Celene,Flight,cflight87@free.fr,Non-binary,236.190.141.237,118-75-9233,144-592-4381
297,Larisa,Sabin,lsabin88@taobao.com,Female,130.139.231.36,559-37-1405,107-247-0698
298,Helga,Sorrie,hsorrie89@weibo.com,Female,227.111.3.183,146-87-4220,535-918-7384
299,Fin,Ivanin,fivanin8a@xrea.com,Male,65.126.212.102,704-58-8887,869-459-2003
300,Harv,Scammell,hscammell8b@canalblog.com,Male,85.243.3.49,111-58-4421,799-806-7687
301,Krishnah,Gianolini,kgianolini8c@msn.com,Male,157.105.208.195,847-90-9576,902-340-0661
302,Mathe,Bultitude,mbultitude8d@japanpost.jp,Male,154.149.254.131,684-26-9954,461-771-3596
303,Agnella,Pennings,apennings8e@npr.org,Female,43.229.251.53,751-15-6818,874-874-4933
304,Moe,Vasilyev,mvasilyev8f@mashable.com,Bigender,203.17.86.120,334-01-3921,939-355-3887
305,Rory,Achurch,rachurch8g@meetup.com,Male,74.199.16.124,880-66-6170,817-124-7833
306,Ettore,Orcas,eorcas8h@unicef.org,Male,3.183.149.100,113-01-0861,334-428-4104
307,Hagan,Woodburn,hwoodburn8i@blogs.com,Male,225.201.224.162,327-61-4293,422-667-7514
308,Alexio,Anderbrugge,aanderbrugge8j@latimes.com,Male,93.199.150.106,488-49-3537,721-422-4718
309,Amalie,Mansel,amansel8k@miibeian.gov.cn,Female,172.14.20.88,724-11-0838,120-851-5943
310,Loydie,Agate,lagate8l@house.gov,Male,245.181.124.148,509-09-6274,536-782-6994
311,Margette,Demschke,mdemschke8m@dailymail.co.uk,Female,172.109.87.169,309-81-7935,157-691-8241
312,Emelina,Board,eboard8n@adobe.com,Female,58.37.197.159,608-87-3381,774-916-7401
313,Chrissie,Piatek,cpiatek8o@smugmug.com,Female,115.123.133.145,825-48-1609,693-351-7194
314,Toni,Jessup,tjessup8p@ucoz.ru,Female,76.228.20.11,248-04-1348,781-643-9451
315,Flor,Becarra,fbecarra8q@etsy.com,Female,12.179.215.175,392-79-3948,484-862-9104
316,Sansone,Raden,sraden8r@t-online.de,Male,144.11.195.31,296-64-1517,381-546-2799
317,Golda,Weinberg,gweinberg8s@netscape.com,Female,118.48.23.86,530-46-8386,641-417-4582
318,Deloris,McKenney,dmckenney8t@cnbc.com,Bigender,151.18.145.16,232-45-9231,646-441-1130
319,Cary,Proback,cproback8u@myspace.com,Male,6.106.254.12,300-95-3791,994-592-2480
320,Fayre,Tomala,ftomala8v@newyorker.com,Female,147.100.227.99,695-15-5555,588-648-5718
321,Nikoletta,Wasiel,nwasiel8w@last.fm,Female,162.51.220.143,490-98-3828,656-436-1336
322,Hatti,Kemmis,hkemmis8x@google.fr,Female,52.238.10.254,885-62-7726,354-165-0431
323,Goldy,Garrish,ggarrish8y@mail.ru,Female,178.218.102.242,819-60-7782,523-728-1799
324,Blakelee,Cator,bcator8z@cbsnews.com,Female,72.233.158.160,159-61-0995,395-567-6987
325,Hobey,Monnelly,hmonnelly90@cnet.com,Male,218.199.216.85,351-43-1688,748-731-8141
326,Bonni,Bims,bbims91@globo.com,Female,163.38.181.87,556-91-4076,565-490-9795
327,Ade,Eary,aeary92@scribd.com,Male,37.171.116.16,587-58-0848,601-668-5030
328,Avram,Sandey,asandey93@wordpress.com,Male,55.215.245.116,430-59-2951,332-384-8033
329,Leila,Jensen,ljensen94@shop-pro.jp,Female,17.64.6.135,499-43-5322,475-424-7116
330,Ivette,Losseljong,ilosseljong95@yellowbook.com,Polygender,177.170.74.224,617-80-2763,296-717-4113
331,Bail,Boffey,bboffey96@1688.com,Male,154.36.46.198,143-40-7132,283-153-8657
332,Connor,Norres,cnorres97@huffingtonpost.com,Male,2.219.81.98,768-25-5928,741-603-3104
333,Kinny,Gumey,kgumey98@google.co.uk,Male,237.223.198.3,745-12-8968,150-485-6328
334,Mareah,Favela,mfavela99@macromedia.com,Female,174.239.67.224,500-88-7176,355-637-0795
335,Oberon,Blondel,oblondel9a@wunderground.com,Male,222.130.7.10,894-43-1490,227-537-5087
336,Freddy,Harbord,fharbord9b@tuttocitta.it,Male,87.115.88.195,590-50-9340,673-466-3800
337,Niel,Tufts,ntufts9c@ning.com,Male,224.144.32.141,565-01-1796,859-380-7236
338,Bibbye,Biskupiak,bbiskupiak9d@bluehost.com,Female,25.73.232.103,753-07-5114,661-748-5649
339,Cam,Muehler,cmuehler9e@dot.gov,Male,209.47.83.81,306-14-6143,981-354-7511
340,Jermaine,Avrahamov,javrahamov9f@nba.com,Male,111.68.24.106,622-61-8268,641-280-3563
341,Hinda,Pablos,hpablos9g@hatena.ne.jp,Female,137.175.200.14,200-33-8288,907-229-0256
342,Kimbell,Segges,ksegges9h@xing.com,Male,86.24.33.17,702-29-7253,263-695-8765
343,Pearce,Aggio,paggio9i@yelp.com,Male,188.185.98.56,780-13-2399,747-849-1159
344,Agatha,Wickendon,awickendon9j@state.gov,Female,92.227.192.29,722-31-4531,774-378-6690
345,Karoly,Sim,ksim9k@sphinn.com,Female,207.143.58.64,465-15-6614,191-226-0558
346,Fulton,Gutierrez,fgutierrez9l@ehow.com,Male,198.163.34.208,209-65-3988,514-974-2842
347,Waylin,Slany,wslany9m@gizmodo.com,Male,35.6.32.182,662-32-0638,894-865-6160
348,Ginni,Crossgrove,gcrossgrove9n@accuweather.com,Female,109.79.19.36,108-65-7861,714-101-2739
349,Willy,Kosiada,wkosiada9o@wisc.edu,Female,189.69.208.65,866-97-9656,631-878-8377
350,Burgess,Olyunin,bolyunin9p@1688.com,Male,155.53.8.184,771-72-9826,267-473-3611
351,Toma,Tackley,ttackley9q@flavors.me,Female,91.207.106.231,202-68-6810,117-583-9025
352,Ryun,Mardoll,rmardoll9r@time.com,Male,157.120.108.71,404-29-5403,901-508-1463
353,Anitra,Aldred,aaldred9s@123-reg.co.uk,Female,156.80.161.76,133-46-3774,581-424-8027
354,Alexander,Lope,alope9t@vinaora.com,Male,209.251.25.29,735-27-7479,148-135-8853
355,Robers,Koppens,rkoppens9u@tuttocitta.it,Male,5.60.34.44,692-23-4045,899-839-7560
356,Sheela,Langfitt,slangfitt9v@google.de,Agender,169.90.68.26,229-75-6261,561-147-2907
357,Lorrayne,Schoenfisch,lschoenfisch9w@elegantthemes.com,Female,96.251.219.56,283-36-3304,535-585-4478
358,Zelma,Calliss,zcalliss9x@domainmarket.com,Female,30.7.174.109,732-01-9740,849-103-5545
359,Morey,Parvin,mparvin9y@fastcompany.com,Male,20.208.95.215,517-87-7925,420-354-4164
360,Nicola,Finan,nfinan9z@digg.com,Male,75.22.210.197,399-24-0568,989-226-7208
361,Ebonee,Chettle,echettlea0@mac.com,Female,29.138.75.198,741-66-4326,592-184-9618
362,Harmony,Blundel,hblundela1@hatena.ne.jp,Female,247.44.61.185,360-90-2250,884-872-2686
363,Emily,Monkhouse,emonkhousea2@tamu.edu,Female,165.90.132.148,201-25-7425,960-361-8473
364,Manuel,Molden,mmoldena3@soundcloud.com,Male,22.83.161.151,566-25-2318,939-413-3203
365,Cynthia,Vasichev,cvasicheva4@dailymotion.com,Female,12.231.209.54,720-40-3677,688-709-0308
366,Seana,Schulze,sschulzea5@eventbrite.com,Female,143.52.93.159,321-53-2869,887-814-5227
367,Lay,Atling,latlinga6@github.io,Male,30.194.116.69,514-51-4290,364-946-1075
368,Cindy,Dermot,cdermota7@yolasite.com,Female,140.221.175.23,514-69-5889,387-142-3415
369,Averil,Brizell,abrizella8@accuweather.com,Male,225.192.243.232,879-97-9997,916-482-0624
370,Alisha,Van,avana9@comsenz.com,Female,180.148.203.36,818-52-2379,375-331-5578
371,Sigismondo,Pitson,spitsonaa@auda.org.au,Male,183.153.52.49,570-41-9711,162-176-1854
372,Analise,Simek,asimekab@shinystat.com,Bigender,23.15.85.119,256-27-5653,584-824-1162
373,Nicol,Monro,nmonroac@usatoday.com,Male,192.35.89.114,590-31-4824,943-757-9489
374,Bruis,Pigdon,bpigdonad@biglobe.ne.jp,Male,49.6.192.63,334-94-4533,749-407-9840
375,Alverta,Castagne,acastagneae@stanford.edu,Female,50.73.151.104,469-04-9898,763-704-2753
376,Emmerich,Peachment,epeachmentaf@ibm.com,Male,154.215.85.183,665-17-5940,983-126-1213
377,Artemas,Warrack,awarrackag@booking.com,Male,10.191.2.251,691-12-0322,214-968-8023
378,Chas,Hebborne,chebborneah@omniture.com,Genderfluid,107.124.138.124,325-02-2897,748-803-8300
379,Ross,Copplestone,rcopplestoneai@alibaba.com,Male,103.158.191.122,502-47-0395,203-937-3515
380,Lewiss,Kempston,lkempstonaj@google.com.hk,Male,20.230.56.37,147-05-9860,341-635-1362
381,Viole,Gobel,vgobelak@amazon.co.uk,Female,17.180.83.155,548-44-0846,936-391-2752
382,Mirna,Sanford,msanfordal@technorati.com,Female,187.252.212.101,421-64-3152,380-892-3517
383,Galvin,Blodgett,gblodgettam@walmart.com,Polygender,128.40.255.153,598-12-4120,985-323-4004
384,Sumner,Spatari,sspatarian@jimdo.com,Male,104.7.232.241,319-97-8845,385-659-2692
385,Desi,Lawlie,dlawlieao@cbslocal.com,Male,232.106.222.163,870-02-7486,436-319-9697
386,Simon,Joburn,sjoburnap@photobucket.com,Male,122.176.110.145,385-86-3245,678-465-3681
387,Cherilyn,Guess,cguessaq@amazon.com,Female,31.50.27.157,496-29-7851,463-961-1878
388,Geno,Arnely,garnelyar@addtoany.com,Polygender,39.82.49.76,509-59-4350,578-224-9084
389,Josselyn,Defond,jdefondas@diigo.com,Female,172.11.105.31,657-54-2263,933-291-7563
390,Sawyer,McKeggie,smckeggieat@hostgator.com,Male,227.34.148.225,607-79-4235,836-871-4613
391,Brnaby,Craske,bcraskeau@yellowbook.com,Male,87.40.121.3,416-45-2769,317-104-1485
392,Em,Beardshaw,ebeardshawav@unicef.org,Male,155.151.90.215,359-20-0285,140-302-2660
393,Genvieve,Skeeles,gskeelesaw@wufoo.com,Female,16.92.203.77,157-89-0551,180-457-2305
394,Anatol,Aggett,aaggettax@addthis.com,Male,251.89.142.234,464-85-6407,437-538-1605
395,Correy,Brithman,cbrithmanay@mit.edu,Bigender,53.129.97.53,536-62-1723,995-404-1851
396,Lena,Sphinxe,lsphinxeaz@furl.net,Female,59.37.195.42,771-65-1479,357-999-8346
397,Aimee,Forton,afortonb0@163.com,Female,146.39.144.20,487-56-6990,452-664-4296
398,Ambrose,Carabet,acarabetb1@hatena.ne.jp,Male,62.152.204.131,151-05-7713,695-694-9695
399,Moe,Lissandre,mlissandreb2@webs.com,Male,8.132.243.124,185-47-6590,553-739-0201
400,Allin,Grzegorecki,agrzegoreckib3@netlog.com,Male,201.107.112.86,243-95-6744,656-839-9260
401,Suzanna,O'Quin,soquinb4@yellowbook.com,Female,51.253.161.57,446-99-5651,508-151-8064
402,Blinny,Blakelock,bblakelockb5@tumblr.com,Female,165.244.115.70,662-85-3257,163-560-4730
403,Omero,Mepsted,omepstedb6@w3.org,Male,171.18.51.192,844-89-2950,426-585-9255
404,Silvano,Longden,slongdenb7@jalbum.net,Male,88.3.142.200,596-50-5466,344-149-5407
405,Menard,Tallow,mtallowb8@washingtonpost.com,Male,161.166.48.80,352-49-4865,403-532-4934
406,Mathew,Stiller,mstillerb9@livejournal.com,Male,132.230.184.60,694-87-5708,655-235-3515
407,Syd,Brickhill,sbrickhillba@printfriendly.com,Male,107.133.2.197,343-57-9739,888-442-1013
408,Fran,McGray,fmcgraybb@reddit.com,Male,33.37.32.172,738-66-3347,763-934-0386
409,Nelly,Ragat,nragatbc@last.fm,Female,177.226.95.23,872-33-8146,250-760-1451
410,Pris,Putt,pputtbd@exblog.jp,Female,29.139.2.62,253-45-9107,777-672-1406
411,Alfie,Guppy,aguppybe@usa.gov,Male,69.126.77.12,839-14-4268,737-555-8626
412,Fields,Limming,flimmingbf@nbcnews.com,Male,5.138.140.171,885-11-0707,789-275-5734
413,Cyndi,Figgures,cfigguresbg@ted.com,Female,153.143.171.3,205-45-9174,671-111-5262
414,Abdul,Gatcliff,agatcliffbh@sphinn.com,Male,1.125.111.196,625-69-9842,646-925-6735
415,Mitchael,Codron,mcodronbi@csmonitor.com,Male,75.178.228.34,196-56-8673,789-318-4367
416,Sanders,Firk,sfirkbj@posterous.com,Male,62.216.73.117,141-86-6118,939-240-6922
417,Angelita,Lucey,aluceybk@springer.com,Female,128.126.84.45,413-64-9488,817-738-3498
418,Rodolfo,Keighly,rkeighlybl@wikipedia.org,Male,154.207.220.220,791-24-4306,466-852-4528
419,Octavius,Fullick,ofullickbm@theglobeandmail.com,Male,91.190.212.183,375-89-9160,959-478-9188
420,Consuelo,Hinksen,chinksenbn@blogspot.com,Female,91.249.32.93,277-93-6739,662-327-2372
421,Godiva,Doumenc,gdoumencbo@bandcamp.com,Female,193.227.112.172,481-46-7242,448-949-2647
422,Dosi,Stobbe,dstobbebp@engadget.com,Female,234.32.95.245,524-59-6437,774-279-7185
423,Viv,Stacy,vstacybq@chicagotribune.com,Genderfluid,122.133.65.240,518-94-2759,443-426-3788
424,Grady,Mehaffey,gmehaffeybr@apache.org,Male,103.82.162.123,610-82-9978,245-476-9519
425,Neal,Pitkaithly,npitkaithlybs@vinaora.com,Genderfluid,99.237.67.23,881-01-1227,326-882-8925
426,Carolin,Cossom,ccossombt@google.com,Female,53.110.139.122,586-22-5761,616-676-2314
427,Irene,Tennick,itennickbu@tripadvisor.com,Female,35.137.180.240,868-77-5074,419-406-8849
428,Yehudi,Battabee,ybattabeebv@wikispaces.com,Male,4.77.35.55,341-81-2306,186-313-6588
429,Joshia,Baldacchino,jbaldacchinobw@alexa.com,Male,55.168.64.142,479-61-2115,230-742-6881
430,Mufinella,Goodlip,mgoodlipbx@yellowpages.com,Female,208.35.234.24,504-91-1244,956-869-0852
431,Stafani,Sermin,sserminby@biglobe.ne.jp,Female,195.45.47.200,744-87-9659,992-665-1362
432,Kit,Dmtrovic,kdmtrovicbz@t-online.de,Male,209.235.18.24,727-58-1588,194-664-1491
433,Garold,Shepstone,gshepstonec0@pcworld.com,Male,179.39.83.89,867-93-1843,485-275-1562
434,Daryl,Craik,dcraikc1@fotki.com,Male,39.63.103.188,104-50-6774,594-294-3927
435,Sherwood,Foucard,sfoucardc2@marketwatch.com,Male,166.19.56.229,794-89-6030,951-511-2751
436,Tammi,Gamblin,tgamblinc3@chron.com,Female,153.107.196.111,375-66-2134,118-253-5014
437,Rustie,Tamsett,rtamsettc4@yahoo.com,Male,155.24.27.72,108-91-5540,407-115-9489
438,Frank,Melly,fmellyc5@addtoany.com,Male,224.148.31.79,620-51-0976,518-361-6127
439,Omar,Nuccii,onucciic6@cnet.com,Male,213.90.228.21,852-48-9179,772-302-3874
440,Rozina,Claringbold,rclaringboldc7@java.com,Female,186.210.172.188,410-08-6368,361-378-7525
441,Stillmann,Connochie,sconnochiec8@nbcnews.com,Male,111.25.39.99,756-03-9064,433-467-2320
442,Zabrina,Roff,zroffc9@themeforest.net,Female,205.139.192.190,159-83-6606,925-261-2241
443,Jodie,Locard,jlocardca@godaddy.com,Female,109.0.150.142,100-54-9135,750-255-4981
444,Boigie,Henker,bhenkercb@si.edu,Male,101.118.77.42,406-61-0879,619-327-2442
445,Merralee,Ivell,mivellcc@linkedin.com,Female,228.138.245.156,877-79-2503,418-731-3285
446,Neall,Iacopini,niacopinicd@about.com,Male,191.3.205.218,471-99-8161,780-760-2961
447,Corinna,Laker,clakerce@uiuc.edu,Female,40.243.85.89,216-84-6459,868-922-3797
448,Olympie,Roddick,oroddickcf@wix.com,Female,17.105.35.204,716-84-0218,683-622-6794
449,Sari,Ailsbury,sailsburycg@w3.org,Female,242.80.188.7,557-22-3099,423-298-6173
450,Mala,Cuthbert,mcuthbertch@nih.gov,Female,94.128.26.166,803-78-6749,941-831-2461
451,Lusa,Swepson,lswepsonci@loc.gov,Polygender,176.181.148.52,681-09-0185,329-855-6296
452,Sonni,Turvey,sturveycj@a8.net,Female,29.215.137.81,878-87-1223,898-736-3280
453,Leopold,Wroe,lwroeck@businessweek.com,Male,149.177.224.250,335-38-1835,507-283-8569
454,Dougy,Fleming,dflemingcl@wordpress.org,Male,234.207.46.42,579-43-0499,511-457-4480
455,Haleigh,Antonutti,hantonutticm@china.com.cn,Female,149.183.228.41,897-52-4643,311-807-1577
456,Juanita,Yellowlee,jyellowleecn@independent.co.uk,Polygender,61.136.39.170,676-63-6925,461-841-6262
457,Welbie,Rosendorf,wrosendorfco@feedburner.com,Male,189.46.245.183,357-80-0880,875-843-0597
458,Dillon,Moff,dmoffcp@last.fm,Male,156.208.142.214,529-65-8776,237-120-0139
459,Jone,Novik,jnovikcq@loc.gov,Male,237.102.190.105,413-46-3227,175-679-4349
460,Valry,Pinnere,vpinnerecr@usatoday.com,Female,73.37.55.80,539-22-3284,317-297-6065
461,Aeriel,Crichmer,acrichmercs@alibaba.com,Female,198.164.198.188,528-16-7426,661-101-4718
462,Conway,Geale,cgealect@ca.gov,Male,210.51.18.38,163-86-8120,814-417-6369
463,Rhona,Charville,rcharvillecu@amazon.co.jp,Female,8.81.154.21,279-58-5029,135-449-5135
464,Conrad,Keuneke,ckeunekecv@ca.gov,Male,159.99.47.112,298-37-1562,696-735-0061
465,Adham,Radcliffe,aradcliffecw@webeden.co.uk,Male,125.226.82.227,564-54-9106,797-669-6537
466,Rozele,Doumenc,rdoumenccx@rediff.com,Female,95.100.81.84,526-08-7183,612-297-2883
467,Norry,Borge,nborgecy@marriott.com,Female,159.58.34.243,764-29-3700,693-541-2904
468,Vallie,Geal,vgealcz@gizmodo.com,Female,174.220.183.227,346-43-6505,515-757-1443
469,Donnell,Densey,ddenseyd0@nymag.com,Male,228.101.24.28,275-35-2847,811-402-2346
470,Nicky,Rickertsen,nrickertsend1@yellowbook.com,Female,233.245.109.217,751-03-2997,775-293-2856
471,Ida,Flowith,iflowithd2@nymag.com,Female,161.148.44.7,325-24-3707,984-291-9429
472,Jenica,Draper,jdraperd3@dropbox.com,Genderqueer,137.86.236.195,537-38-0078,335-673-8968
473,Joseito,Pemble,jpembled4@ucla.edu,Male,168.204.151.225,374-38-3677,108-171-8947
474,Meyer,Topliss,mtoplissd5@time.com,Genderfluid,100.176.152.221,364-59-2229,184-192-7193
475,Karney,Macewan,kmacewand6@unblog.fr,Male,230.205.203.16,129-95-8098,516-752-3751
476,Thatch,Zamboniari,tzamboniarid7@illinois.edu,Non-binary,48.82.217.77,164-42-9486,115-477-4743
477,Talyah,Samuels,tsamuelsd8@xrea.com,Female,231.50.222.28,428-20-6683,136-778-6427
478,Liana,Chaffen,lchaffend9@technorati.com,Female,122.21.184.132,182-92-1350,804-291-7907
479,Mohammed,Letixier,mletixierda@businessweek.com,Male,83.18.60.255,285-66-5560,214-653-7258
480,Chas,Jeggo,cjeggodb@instagram.com,Male,177.132.142.169,494-57-4020,607-255-3374
481,Erin,Toun,etoundc@businesswire.com,Female,18.178.74.253,876-06-7414,673-315-1210
482,Rickie,Heasley,rheasleydd@businessinsider.com,Male,134.249.137.237,222-14-4249,907-967-7905
483,Muffin,Croll,mcrollde@themeforest.net,Agender,110.149.73.237,536-33-9668,742-792-8075
484,Webster,Bredes,wbredesdf@vk.com,Male,235.151.67.6,196-78-6949,312-135-4927
485,Lovell,Pogg,lpoggdg@eventbrite.com,Male,167.109.205.227,216-34-1387,802-982-8394
486,Aeriell,Letson,aletsondh@over-blog.com,Agender,27.50.141.245,386-57-1475,440-426-6505
487,Ulrich,Bradforth,ubradforthdi@aboutads.info,Male,247.246.144.131,680-83-3636,423-796-6293
488,Noell,Yitzhok,nyitzhokdj@tumblr.com,Non-binary,12.242.229.82,451-23-5812,830-794-3246
489,Fran,Tarrier,ftarrierdk@boston.com,Male,240.184.213.218,886-49-9738,137-129-6494
490,Bar,Hawkyens,bhawkyensdl@cnet.com,Male,201.103.81.35,218-66-5129,161-504-0265
491,Ingemar,Hunnaball,ihunnaballdm@reverbnation.com,Male,24.126.192.62,163-05-7457,441-651-6474
492,Frants,Cawkwell,fcawkwelldn@google.co.jp,Male,243.224.120.215,585-73-4776,176-858-5632
493,Nicolis,O'Lehane,nolehanedo@washingtonpost.com,Polygender,215.19.9.113,464-83-5127,308-296-6842
494,Elene,Compson,ecompsondp@dot.gov,Genderqueer,90.23.220.47,804-21-5574,807-399-7684
495,Roana,Pengelly,rpengellydq@jigsy.com,Female,1.185.106.52,646-70-5145,740-112-3994
496,Ferdinand,Sivewright,fsivewrightdr@360.cn,Male,0.122.214.106,882-27-4702,366-830-1591
497,Cobb,Manchett,cmanchettds@google.nl,Male,176.23.63.24,373-73-2061,793-617-1859
498,Orlan,Athelstan,oathelstandt@posterous.com,Male,116.188.91.159,341-84-3069,956-876-7942
499,Cosimo,Querrard,cquerrarddu@indiegogo.com,Male,33.253.68.81,566-03-3877,783-569-0226
500,Curran,Bakeup,cbakeupdv@cdc.gov,Male,65.59.229.189,127-59-3405,536-461-9105
501,Merralee,Thor,mthordw@seattletimes.com,Female,65.212.38.131,847-95-5815,609-543-6109
502,Mischa,McPhate,mmcphatedx@phpbb.com,Male,189.94.25.37,202-98-0199,566-924-8487
503,Mariya,McDermid,mmcdermiddy@flavors.me,Female,28.145.30.59,364-36-2293,914-827-9214
504,Kenn,Vowells,kvowellsdz@alexa.com,Male,251.18.183.166,342-26-9460,950-474-0155
505,Durand,Merryman,dmerrymane0@nifty.com,Male,124.63.184.126,292-01-4904,834-521-3306
506,Debee,Ferrarello,dferrarelloe1@prweb.com,Female,134.32.89.93,196-65-2434,323-253-4388
507,Robinette,Tracy,rtracye2@wikimedia.org,Female,31.8.110.251,881-32-4625,193-582-6387
508,Agatha,Ashbe,aashbee3@blogspot.com,Female,166.186.135.71,618-76-4786,495-677-3633
509,Kalina,Caldero,kcalderoe4@is.gd,Female,29.181.248.181,589-12-5276,825-864-2329
510,Nikki,Hayen,nhayene5@barnesandnoble.com,Female,232.98.49.13,272-96-1031,964-751-0107
511,Tedman,Van Arsdalen,tvanarsdalene6@photobucket.com,Male,155.24.82.79,275-84-0938,358-895-8613
512,Ethelbert,Bohl,ebohle7@yale.edu,Male,184.231.195.36,518-40-9715,908-880-8697
513,Alexandre,McAlinion,amcalinione8@biglobe.ne.jp,Bigender,60.77.13.139,381-43-5955,526-565-1425
514,Mavra,Hawking,mhawkinge9@indiegogo.com,Female,9.160.212.164,769-89-7758,688-260-7729
515,Allyce,Ockland,aocklandea@usatoday.com,Polygender,99.128.4.114,780-37-6731,442-609-3216
516,Tonye,Kmiec,tkmieceb@artisteer.com,Female,122.25.139.232,643-75-8041,680-500-9516
517,Isa,Leal,ilealec@time.com,Female,82.119.8.198,758-40-0487,104-227-5541
518,Rockwell,Dumbarton,rdumbartoned@dion.ne.jp,Male,91.167.101.32,743-69-3089,290-846-0769
519,Abbott,Lobley,alobleyee@dailymail.co.uk,Male,210.44.114.126,705-94-4473,543-264-2040
520,Sarette,Lapham,slaphamef@xinhuanet.com,Female,129.249.180.78,330-25-0268,123-551-1576
521,Rebecca,Tomaini,rtomainieg@marriott.com,Female,99.115.152.147,894-15-9701,635-725-3803
522,Zabrina,Sporton,zsportoneh@nbcnews.com,Genderqueer,173.124.68.74,709-29-7834,933-208-9420
523,Mora,Phillp,mphillpei@usgs.gov,Female,251.104.162.218,420-22-9085,281-750-5113
524,Whitaker,Metzing,wmetzingej@ted.com,Genderfluid,55.12.105.168,707-80-1054,252-863-0041
525,Esteban,Gislebert,egislebertek@senate.gov,Non-binary,96.36.83.115,260-62-4037,540-374-8864
526,Gunther,Hynard,ghynardel@nasa.gov,Male,37.249.84.183,437-71-4681,795-815-0472
527,Harwell,Carlo,hcarloem@dailymail.co.uk,Male,170.20.160.69,176-03-8241,992-689-0937
528,Idette,Alldis,ialldisen@people.com.cn,Female,143.21.66.48,493-07-8933,940-245-0486
529,Jillane,Roney,jroneyeo@chronoengine.com,Female,132.184.135.201,694-39-0305,199-948-3202
530,Ursuline,Hillin,uhillinep@privacy.gov.au,Female,112.204.160.66,293-56-6188,696-440-4341
531,Rees,Ferrant,rferranteq@cnbc.com,Bigender,187.175.105.97,189-34-8387,846-367-1662
532,Forbes,Erley,ferleyer@wunderground.com,Male,214.126.199.243,504-55-9265,663-229-5980
533,Beilul,Reolfo,breolfoes@google.de,Female,193.98.243.120,163-70-6678,281-491-8829
534,Abby,Dranfield,adranfieldet@usgs.gov,Male,89.8.43.13,747-36-3429,950-742-5933
535,Olva,Shires,oshireseu@theatlantic.com,Female,46.112.44.31,465-70-2728,648-796-7506
536,Pet,Flecknell,pflecknellev@ow.ly,Female,172.40.63.187,712-79-6867,224-459-7903
537,Somerset,Waber,swaberew@examiner.com,Male,105.251.92.1,657-92-6997,792-319-4599
538,Letizia,Cranke,lcrankeex@eepurl.com,Female,5.4.244.48,500-98-5837,382-395-3437
539,Dennie,Beningfield,dbeningfieldey@scribd.com,Female,37.14.139.133,244-95-0582,883-417-8651
540,Raynard,Le Fevre,rlefevreez@techcrunch.com,Male,37.17.2.233,195-94-5664,470-748-7369
541,Jessie,Gowdridge,jgowdridgef0@unblog.fr,Female,119.205.254.148,296-73-5784,542-669-8105
542,Charmaine,Rochell,crochellf1@merriam-webster.com,Female,243.107.175.197,675-80-5925,524-937-7661
543,Merola,Maclean,mmacleanf2@wiley.com,Female,72.232.77.70,129-84-7811,370-778-4475
544,Jamaal,Sidry,jsidryf3@infoseek.co.jp,Non-binary,83.89.150.196,775-68-1542,961-589-5973
545,Adorne,Jimes,ajimesf4@java.com,Female,67.45.106.105,114-51-5083,270-980-0631
546,Erina,Walbridge,ewalbridgef5@dmoz.org,Female,155.197.246.8,371-12-2049,291-132-0800
547,Pincus,Neames,pneamesf6@imgur.com,Male,210.192.26.60,780-21-7868,260-969-9861
548,Dov,Judkin,djudkinf7@ox.ac.uk,Male,138.179.0.129,701-93-1978,475-797-3485
549,Casandra,Kelemen,ckelemenf8@census.gov,Female,15.187.181.59,190-21-0931,411-601-6588
550,Nikolia,Bullingham,nbullinghamf9@microsoft.com,Female,148.60.152.85,341-21-7692,655-969-7328
551,Mikael,Chieze,mchiezefa@seattletimes.com,Male,227.104.15.204,302-15-2432,141-252-4693
552,Dorothea,Heaney`,dheaneyfb@youku.com,Female,106.44.87.186,435-15-2904,829-772-1456
553,Maryl,Moulster,mmoulsterfc@samsung.com,Female,218.177.61.26,600-43-8457,552-946-9664
554,Christine,Mateescu,cmateescufd@oakley.com,Female,75.42.113.235,613-79-8323,283-814-0021
555,Stepha,Wastell,swastellfe@cisco.com,Female,214.112.58.83,399-30-0101,717-681-0370
556,Harlan,Forrester,hforresterff@barnesandnoble.com,Male,70.32.245.237,698-12-5533,962-399-6902
557,Jamison,Kattenhorn,jkattenhornfg@marketwatch.com,Male,242.146.142.37,687-50-7084,335-117-8409
558,Roselin,McConway,rmcconwayfh@wordpress.com,Female,251.190.135.209,283-27-1300,719-886-6516
559,Velvet,Victoria,vvictoriafi@scribd.com,Female,173.81.124.59,802-11-7527,975-912-7294
560,Alberto,Geydon,ageydonfj@cafepress.com,Male,205.154.144.182,559-45-8870,993-994-2569
561,Sidonia,Howsden,showsdenfk@buzzfeed.com,Female,235.223.19.81,552-19-7662,977-396-1297
562,Elinore,Riach,eriachfl@163.com,Female,247.139.63.182,814-50-9042,560-338-6939
563,Tonya,Docker,tdockerfm@engadget.com,Female,6.255.46.184,823-69-0588,350-232-6124
564,Pedro,Thrasher,pthrasherfn@amazonaws.com,Male,165.216.234.158,419-83-7107,241-242-4854
565,Bonni,Jenckes,bjenckesfo@forbes.com,Female,115.104.150.37,476-18-5265,667-559-0576
566,Flor,Dumbrell,fdumbrellfp@netlog.com,Female,106.39.132.126,478-90-4257,697-200-1942
567,Burch,Dockree,bdockreefq@cpanel.net,Male,21.207.211.51,838-32-8638,545-272-1287
568,Jeffry,Olivari,jolivarifr@fema.gov,Male,24.196.54.30,716-42-6285,596-430-8498
569,Haskel,Addeycott,haddeycottfs@mapquest.com,Male,21.1.182.124,302-74-5945,803-401-9620
570,Anitra,Shurman,ashurmanft@skyrock.com,Female,233.126.50.214,162-45-8275,770-973-9601
571,Shellie,Marlin,smarlinfu@noaa.gov,Female,246.176.31.70,156-71-2382,978-109-1569
572,Alden,Ogilvie,aogilviefv@scientificamerican.com,Male,242.122.28.81,417-65-3272,794-423-6503
573,Samantha,De Ath,sdeathfw@wisc.edu,Non-binary,116.64.19.183,293-98-0104,221-270-1268
574,Ashla,Metschke,ametschkefx@elpais.com,Female,209.201.18.65,389-50-3960,796-578-8727
575,Fifi,Ambrosoni,fambrosonify@clickbank.net,Female,233.241.226.45,355-89-8433,427-131-3249
576,Rickert,Philip,rphilipfz@rakuten.co.jp,Male,42.103.55.240,547-34-4261,124-837-0222
577,Marcellus,Stubbley,mstubbleyg0@elpais.com,Male,86.173.21.179,171-20-8535,235-853-3457
578,Noel,Woodley,nwoodleyg1@drupal.org,Female,231.194.40.245,190-70-3525,318-305-6032
579,Hyacinthe,Patzelt,hpatzeltg2@etsy.com,Female,78.148.74.54,564-81-4675,664-946-8552
580,Waiter,Bodycomb,wbodycombg3@salon.com,Male,130.169.249.208,845-64-6425,613-160-0510
581,Wye,Tinker,wtinkerg4@artisteer.com,Male,123.107.246.253,686-02-9378,507-228-6036
582,Sosanna,Coppledike,scoppledikeg5@cbsnews.com,Female,252.231.193.82,599-58-0183,673-352-5385
583,Jacenta,Hartrick,jhartrickg6@plala.or.jp,Female,156.213.119.42,848-64-5151,777-236-0901
584,Abbott,Wogden,awogdeng7@trellian.com,Male,7.1.10.86,191-28-8428,669-634-2214
585,Rochester,Heard,rheardg8@adobe.com,Male,24.184.216.228,490-34-4873,239-949-0330
586,Gert,Lampett,glampettg9@pagesperso-orange.fr,Female,15.194.87.143,422-10-2499,323-781-3066
587,Morgen,Edmonston,medmonstonga@engadget.com,Female,217.88.41.139,796-02-1062,770-735-3519
588,Ardisj,Hinge,ahingegb@newsvine.com,Female,233.116.196.75,151-22-8164,806-574-2090
589,Ivan,Playle,iplaylegc@wsj.com,Male,72.129.175.122,324-26-6616,640-294-0133
590,Blaine,Duckitt,bduckittgd@patch.com,Male,143.236.162.183,472-01-8566,929-548-9132
591,Payton,Alphege,palphegege@tmall.com,Male,184.216.149.177,483-57-7498,534-855-3682
592,Rodney,Attock,rattockgf@unicef.org,Male,98.19.75.125,643-04-6494,891-146-4464
593,Christie,Lauret,clauretgg@1688.com,Female,194.129.104.61,469-02-5370,260-661-0952
594,Cristian,Giacopelo,cgiacopelogh@senate.gov,Male,229.144.152.86,194-32-0989,823-845-4722
595,Gennie,Waldron,gwaldrongi@paypal.com,Female,66.131.192.98,331-41-8575,366-719-4592
596,Corney,Coneybeer,cconeybeergj@goo.gl,Male,156.105.151.129,685-16-4062,976-353-3651
597,Gussy,Kaindl,gkaindlgk@unblog.fr,Female,100.239.7.239,601-84-8421,646-353-5983
598,Cam,Licciardello,clicciardellogl@1688.com,Female,137.214.246.103,673-84-0347,530-257-7126
599,Gram,Slimon,gslimongm@bloglovin.com,Male,125.25.199.104,235-72-7032,690-948-0446
600,Iolanthe,Badby,ibadbygn@phoca.cz,Female,51.245.80.58,771-63-4592,723-775-2491
601,Madelaine,Crichmere,mcrichmerego@imageshack.us,Female,106.88.198.153,736-15-1021,257-194-5139
602,Lurlene,Matyas,lmatyasgp@fc2.com,Female,189.199.139.189,703-76-4137,471-280-9503
603,Erhard,Morson,emorsongq@vistaprint.com,Male,25.221.199.218,111-04-7695,951-718-4976
604,Gustie,Coddington,gcoddingtongr@ucoz.ru,Female,190.121.223.11,534-90-5241,639-665-3416
605,Garrett,Maevela,gmaevelags@cnbc.com,Male,94.123.142.149,738-02-3272,554-464-7752
606,Leela,Woodcroft,lwoodcroftgt@technorati.com,Female,82.109.156.251,884-80-2668,907-994-7429
607,Port,Gilluley,pgilluleygu@yolasite.com,Male,26.254.254.14,329-06-3387,239-509-0618
608,Heddi,Spikins,hspikinsgv@businesswire.com,Female,1.187.172.193,856-26-0074,330-566-8239
609,Ragnar,Berriman,rberrimangw@naver.com,Male,211.230.22.213,484-33-6474,451-855-7833
610,Anallise,Wealleans,awealleansgx@mit.edu,Female,207.133.246.184,488-71-8932,630-834-7187
611,Horacio,Deetch,hdeetchgy@reddit.com,Male,107.248.96.228,399-64-6234,891-997-6747
612,Daniel,O'Keaveny,dokeavenygz@rambler.ru,Male,253.139.36.120,785-50-5027,948-153-5406
613,Rockie,Tremoulet,rtremouleth0@typepad.com,Male,138.149.72.248,607-92-7531,268-623-8580
614,Claire,Brealey,cbrealeyh1@abc.net.au,Male,96.159.48.153,399-67-6901,737-815-9742
615,Clemente,De Carteret,cdecartereth2@pinterest.com,Male,190.176.62.72,734-53-2282,846-385-6154
616,Avis,Vaszoly,avaszolyh3@tripadvisor.com,Female,124.216.237.10,713-61-5315,756-584-7312
617,Cody,Borman,cbormanh4@cpanel.net,Female,152.133.81.100,124-52-1358,759-756-6526
618,Rebe,Lawlie,rlawlieh5@europa.eu,Female,5.121.69.205,376-80-0037,171-578-2780
619,Bradley,Chattey,bchatteyh6@people.com.cn,Male,185.190.54.106,578-16-6370,629-599-0156
620,Marta,Orman,mormanh7@businesswire.com,Female,249.100.13.201,641-77-4494,358-938-0415
621,Kania,Shrimptone,kshrimptoneh8@ustream.tv,Female,182.25.231.23,151-30-9038,440-694-0652
622,Zonnya,Keppe,zkeppeh9@domainmarket.com,Female,43.221.181.212,174-51-9932,946-950-0124
623,Filbert,Fisbey,ffisbeyha@whitehouse.gov,Male,59.186.88.105,171-07-6635,527-992-0372
624,Osborne,Baal,obaalhb@youtube.com,Agender,190.97.33.89,428-31-5077,893-331-4322
625,Barn,Ambrogiotti,bambrogiottihc@umich.edu,Male,169.42.222.14,169-54-1390,173-757-2172
626,Hynda,Korneev,hkorneevhd@stumbleupon.com,Female,211.246.123.244,658-98-7562,922-752-5914
627,Natalya,Hamblyn,nhamblynhe@phoca.cz,Female,210.159.220.67,793-85-0730,717-136-7441
628,Vassily,Clucas,vclucashf@soundcloud.com,Male,75.43.49.213,394-62-6115,325-934-2892
629,Rockie,Portman,rportmanhg@nyu.edu,Male,46.142.103.27,494-59-0540,985-991-3549
630,Mathilde,Dymott,mdymotthh@economist.com,Female,86.155.107.101,503-82-1809,418-715-7658
631,Earle,Cutsforth,ecutsforthhi@imdb.com,Male,179.102.88.184,723-93-4783,861-134-2514
632,Dewey,Mundell,dmundellhj@mail.ru,Polygender,39.26.189.145,365-52-6672,745-887-1463
633,Wilek,Harsum,wharsumhk@apache.org,Male,193.218.170.5,272-92-3136,614-467-7707
634,Jenilee,Corradengo,jcorradengohl@marriott.com,Female,161.218.101.190,689-35-9535,692-855-4857
635,Chad,McFie,cmcfiehm@w3.org,Male,96.24.179.64,415-85-5005,338-162-9372
636,Moshe,Rankling,mranklinghn@jimdo.com,Male,207.184.141.90,180-51-2992,559-368-0059
637,Annecorinne,Garvan,agarvanho@go.com,Female,71.143.218.66,712-88-1259,352-714-9910
638,Blondelle,Randlesome,brandlesomehp@dropbox.com,Female,192.190.80.235,776-80-4747,507-326-1317
639,Greg,Bedham,gbedhamhq@oakley.com,Genderqueer,29.46.162.226,248-93-1656,267-206-9831
640,Kittie,Grahlmans,kgrahlmanshr@mediafire.com,Female,166.153.103.8,337-57-3715,338-647-0094
641,Ichabod,Carbery,icarberyhs@mysql.com,Male,178.174.105.41,519-05-4041,771-425-6590
642,Kenneth,Dyka,kdykaht@lulu.com,Male,1.56.219.174,597-73-8825,155-326-9428
643,Marv,Syrett,msyretthu@cbc.ca,Male,156.227.164.169,678-87-2704,202-192-1476
644,Cash,Trounce,ctrouncehv@issuu.com,Genderqueer,253.57.181.115,205-81-5855,778-576-7551
645,Konstantine,Dummett,kdummetthw@123-reg.co.uk,Male,139.227.57.82,639-61-5813,238-366-2575
646,Selig,Carratt,scarratthx@foxnews.com,Bigender,146.179.232.149,268-80-8980,855-208-1642
647,Leonelle,Kix,lkixhy@miibeian.gov.cn,Female,219.220.209.97,481-73-2266,835-279-7878
648,Sherye,Emtage,semtagehz@mozilla.org,Female,56.153.191.192,391-37-8990,206-944-5507
649,Gus,Paskerful,gpaskerfuli0@i2i.jp,Male,68.12.202.231,242-03-5045,370-814-4799
650,Aldon,York,ayorki1@technorati.com,Male,220.75.89.6,640-79-1344,274-662-9078
651,Newton,Bruyet,nbruyeti2@washington.edu,Male,76.86.90.132,643-27-1291,105-714-1192
652,Davita,Challens,dchallensi3@google.es,Female,22.206.146.68,594-86-9791,254-920-5324
653,Katie,Cholonin,kcholonini4@mtv.com,Female,101.221.110.90,178-67-2808,432-649-5669
654,Ethan,Whitlock,ewhitlocki5@sohu.com,Male,117.11.241.59,590-80-1077,756-467-1557
655,Constantin,Askie,caskiei6@msn.com,Male,115.225.16.134,704-90-3601,744-481-5567
656,Johanna,Molohan,jmolohani7@walmart.com,Female,19.38.82.119,141-95-9658,304-189-4349
657,Shellie,McClay,smcclayi8@myspace.com,Female,207.207.248.97,377-89-4025,843-673-6340
658,Silva,Arendsen,sarendseni9@spotify.com,Agender,8.160.227.10,870-68-3806,933-742-2853
659,Horst,Cracknell,hcracknellia@ox.ac.uk,Genderfluid,82.231.182.118,471-96-2255,636-136-2836
660,Aldis,Gehring,agehringib@vistaprint.com,Male,192.153.192.35,772-75-5417,733-238-0298
661,Waverley,Niece,wnieceic@51.la,Male,205.24.250.100,752-97-4995,247-408-2248
662,Ginger,Tilte,gtilteid@buzzfeed.com,Agender,65.248.121.254,610-22-2380,189-477-2786
663,Emilee,Trimbey,etrimbeyie@craigslist.org,Female,75.240.4.215,643-75-5702,769-392-4810
664,Lianne,Flacknell,lflacknellif@globo.com,Female,77.64.107.120,145-76-4704,274-311-0721
665,Mechelle,Saffell,msaffellig@so-net.ne.jp,Female,207.122.144.155,637-88-8920,444-851-8982
666,Maia,Stockey,mstockeyih@pinterest.com,Female,36.246.77.165,131-43-4352,414-913-7674
667,Wini,Keeton,wkeetonii@shutterfly.com,Female,124.73.142.179,151-17-9891,794-485-6398
668,Dorry,Spilling,dspillingij@people.com.cn,Female,132.103.114.153,303-39-7359,172-555-8001
669,Maryann,Congreave,mcongreaveik@sphinn.com,Female,201.147.158.236,273-95-9433,725-851-2395
670,Caryl,Gregore,cgregoreil@webs.com,Female,0.152.66.168,811-13-7806,440-443-7640
671,Bendicty,Twinning,btwinningim@newsvine.com,Male,15.225.42.12,536-76-1345,336-686-6195
672,Boyd,Creeber,bcreeberin@jiathis.com,Male,124.181.147.125,783-95-5520,344-319-8739
673,Melosa,Korfmann,mkorfmannio@webeden.co.uk,Female,164.198.21.118,696-87-9665,419-730-9513
674,Ax,Tregoning,atregoningip@who.int,Male,137.8.242.22,601-67-2922,795-993-0612
675,Lucias,Corser,lcorseriq@flickr.com,Male,112.104.137.215,281-76-7367,696-600-8469
676,Beilul,Rigmond,brigmondir@discovery.com,Female,13.182.210.4,834-18-8326,390-759-8649
677,Harlin,Bisco,hbiscois@ycombinator.com,Male,208.127.154.90,623-61-9466,969-275-7837
678,Barclay,Fratczak,bfratczakit@usatoday.com,Male,129.177.58.163,228-07-1463,303-839-0336
679,Johnathon,Shelp,jshelpiu@gmpg.org,Male,223.113.1.101,435-37-1127,875-477-4338
680,Camala,Benbough,cbenboughiv@reuters.com,Female,127.128.70.58,415-34-3741,619-867-5050
681,Dotti,Gossart,dgossartiw@tinypic.com,Female,254.111.212.200,623-87-0017,174-309-5724
682,Jayne,Sudlow,jsudlowix@cdc.gov,Female,162.158.234.178,424-80-6029,933-280-3813
683,Lavena,Joerning,ljoerningiy@disqus.com,Female,116.184.67.35,125-92-9174,235-990-5677
684,Reynard,Andreini,randreiniiz@usgs.gov,Male,147.149.18.218,319-68-2655,156-669-0749
685,Piper,Kealy,pkealyj0@devhub.com,Bigender,59.81.73.174,674-53-2123,609-360-2101
686,Chrotoem,Bolgar,cbolgarj1@techcrunch.com,Male,159.69.3.201,764-58-8711,823-905-9606
687,Keir,O'Hdirscoll,kohdirscollj2@vimeo.com,Male,246.171.102.109,635-32-8998,480-588-5850
688,Bartlett,Redfearn,bredfearnj3@163.com,Male,125.91.8.190,669-52-0093,420-639-6187
689,Lindsay,Pinney,lpinneyj4@cbc.ca,Male,199.94.111.10,275-11-2622,261-902-3232
690,Millie,MacEveley,mmaceveleyj5@mac.com,Female,220.225.110.199,748-69-1603,249-904-2678
691,Rossie,Mesant,rmesantj6@utexas.edu,Male,11.103.150.169,236-97-8970,938-525-0768
692,Patsy,Bradlaugh,pbradlaughj7@e-recht24.de,Genderfluid,111.71.234.172,857-32-4570,111-256-4975
693,Kelley,Dummer,kdummerj8@cdbaby.com,Male,242.183.1.48,459-15-5567,676-348-1541
694,Berny,Manicom,bmanicomj9@constantcontact.com,Female,204.136.149.64,548-22-1321,345-668-9894
695,Roddie,Thoresby,rthoresbyja@dailymail.co.uk,Male,95.203.103.60,207-35-6386,230-600-1703
696,Dolores,Pegrum,dpegrumjb@indiatimes.com,Female,176.115.219.222,171-25-4994,880-888-1444
697,Manolo,Van der Hoven,mvanderhovenjc@shareasale.com,Male,204.75.31.111,737-33-5673,515-134-4355
698,Erskine,Armor,earmorjd@live.com,Male,41.44.233.32,500-01-5367,384-834-4321
699,Jannelle,Bister,jbisterje@linkedin.com,Female,86.221.229.202,126-47-6155,552-617-1411
700,Morey,Poll,mpolljf@noaa.gov,Male,221.28.17.89,229-18-5795,372-232-3911
701,Jilli,Farnorth,jfarnorthjg@constantcontact.com,Female,11.71.163.32,764-66-6493,692-640-6356
702,Earle,Saunper,esaunperjh@parallels.com,Male,225.108.0.43,840-21-4366,573-581-3110
703,Dee dee,Fairham,dfairhamji@google.it,Female,82.114.117.233,496-41-5925,608-877-5610
704,Sylvan,Yorkston,syorkstonjj@auda.org.au,Male,153.117.101.193,286-35-9934,482-368-5971
705,Maribelle,Trayford,mtrayfordjk@ihg.com,Female,145.110.47.173,671-93-2873,332-830-7122
706,Alidia,D'Aulby,adaulbyjl@miitbeian.gov.cn,Female,181.14.231.6,359-74-5478,374-412-7071
707,Alex,Schurig,aschurigjm@alexa.com,Female,229.248.16.126,745-44-0085,453-656-5372
708,Padget,Vynehall,pvynehalljn@icio.us,Agender,223.26.76.71,167-50-9947,498-451-2692
709,Aldric,MacGinney,amacginneyjo@wikispaces.com,Male,94.55.6.111,450-26-5521,244-449-9582
710,Cirstoforo,Grzelczak,cgrzelczakjp@dropbox.com,Male,58.89.62.169,273-89-7304,227-599-3424
711,Stanleigh,Dukelow,sdukelowjq@infoseek.co.jp,Male,98.155.76.153,639-82-8031,624-456-4415
712,Delilah,Burtonwood,dburtonwoodjr@mail.ru,Female,108.128.185.98,716-83-9107,585-198-0714
713,Ellie,Adamolli,eadamollijs@360.cn,Genderfluid,87.102.203.234,887-94-3360,363-923-6544
714,Rickard,Smy,rsmyjt@weebly.com,Male,181.121.241.33,195-30-6554,950-595-8930
715,Vittoria,Esseby,vessebyju@umn.edu,Female,214.138.105.180,546-85-1242,100-363-4024
716,Tracy,MacCartney,tmaccartneyjv@yolasite.com,Male,104.1.205.54,868-07-7514,772-375-8579
717,Benjamin,Lamplugh,blamplughjw@auda.org.au,Male,110.34.9.193,503-69-0514,724-796-2000
718,Fawn,Rolston,frolstonjx@businessinsider.com,Female,137.25.194.88,451-07-8894,773-332-4696
719,Myrilla,Gerrell,mgerrelljy@linkedin.com,Genderfluid,200.110.45.47,183-75-0032,702-270-4383
720,Ardelle,Danser,adanserjz@amazonaws.com,Female,60.27.217.133,500-45-0268,129-973-8342
721,Jordanna,Randalson,jrandalsonk0@bloglines.com,Female,247.221.29.140,723-62-5595,177-826-3290
722,Lezlie,Taplin,ltaplink1@rambler.ru,Female,172.20.96.220,881-83-0340,837-830-9959
723,Karlis,Staniland,kstanilandk2@chicagotribune.com,Male,223.102.94.239,254-53-8162,629-905-9570
724,Letty,Copcott,lcopcottk3@i2i.jp,Female,158.111.85.45,793-34-0992,807-934-9684
725,Gilligan,Van Merwe,gvanmerwek4@mozilla.org,Female,33.243.107.188,727-73-7490,732-508-5704
726,Lennie,Ringsell,lringsellk5@oakley.com,Male,214.234.42.173,242-16-3379,781-773-4723
727,Sibyl,Houltham,shoulthamk6@people.com.cn,Female,235.163.29.64,123-46-7578,863-936-0180
728,Vanna,Slowey,vsloweyk7@washingtonpost.com,Female,39.60.149.238,774-84-6733,830-225-9471
729,Barnabe,Dugmore,bdugmorek8@theatlantic.com,Male,16.226.32.2,324-31-9069,973-648-4872
730,Elfrida,Crottagh,ecrottaghk9@google.ca,Female,195.129.201.181,561-72-1793,135-911-7848
731,Ferrell,de Quesne,fdequesneka@reference.com,Male,251.162.232.222,793-96-9080,421-328-9665
732,Gates,Brendel,gbrendelkb@quantcast.com,Genderqueer,41.98.215.212,116-23-9024,159-832-4884
733,Chickie,Rickaby,crickabykc@desdev.cn,Female,17.48.183.160,399-80-2646,301-810-0703
734,Cheri,Cadwaladr,ccadwaladrkd@dion.ne.jp,Female,133.79.64.230,664-10-6695,269-987-3814
735,Elinore,Slight,eslightke@soundcloud.com,Female,44.150.65.54,878-10-6949,165-848-8487
736,Gretchen,Feathers,gfeatherskf@cdc.gov,Female,149.162.172.48,306-56-6502,442-193-4913
737,Drew,Fenimore,dfenimorekg@chron.com,Male,97.201.247.131,732-90-6137,865-675-4866
738,Neala,Grundell,ngrundellkh@ezinearticles.com,Female,23.97.33.34,313-77-5728,139-659-3980
739,Andre,Routledge,aroutledgeki@amazon.co.uk,Male,247.68.127.180,706-60-6848,259-320-8808
740,Ricoriki,Piet,rpietkj@squarespace.com,Bigender,7.44.181.135,358-34-1715,489-348-7617
741,Verina,Duffus,vduffuskk@rakuten.co.jp,Female,139.226.83.170,646-50-0857,703-516-6635
742,Susan,Dobrovsky,sdobrovskykl@t.co,Female,125.221.185.215,799-21-6982,181-692-5280
743,Hilda,Bernardo,hbernardokm@opensource.org,Non-binary,254.148.243.191,225-68-7257,638-961-6104
744,Fifine,Ormistone,formistonekn@kickstarter.com,Female,37.184.246.91,672-50-7731,264-994-7358
745,Rog,Tabbitt,rtabbittko@telegraph.co.uk,Male,91.58.152.33,328-51-3265,773-995-2243
746,Garret,Talmadge,gtalmadgekp@tmall.com,Male,124.183.153.18,156-20-6746,921-801-3008
747,Johannah,Vaudin,jvaudinkq@ed.gov,Female,205.223.87.105,251-63-7820,608-118-8722
748,Barbabra,Windows,bwindowskr@epa.gov,Female,143.151.65.54,740-92-6410,213-114-5848
749,Crawford,Fliege,cfliegeks@phpbb.com,Male,100.172.25.177,515-15-9105,430-543-6435
750,Alex,Langfat,alangfatkt@cdbaby.com,Female,15.142.67.119,759-36-3740,533-417-8194
751,Corney,Forstall,cforstallku@msn.com,Male,252.48.128.129,182-87-7702,116-666-6783
752,Ariadne,Antognelli,aantognellikv@ted.com,Female,62.232.14.149,466-03-7947,399-791-4154
753,Kristen,Newbatt,knewbattkw@wordpress.com,Female,34.100.93.101,554-20-0278,760-114-4612
754,Tatiana,Hum,thumkx@miibeian.gov.cn,Female,124.194.205.89,550-45-6633,486-737-7973
755,Elwyn,Dye,edyeky@comsenz.com,Male,182.64.172.246,700-24-9797,646-455-0947
756,Teodoro,Offord,toffordkz@dedecms.com,Male,64.33.25.70,152-60-2752,310-366-3601
757,Bonny,Matussow,bmatussowl0@irs.gov,Female,66.193.171.89,558-89-0026,694-342-0515
758,Blair,Pantin,bpantinl1@google.fr,Agender,3.67.224.122,192-76-5710,593-434-4593
759,Krystalle,De Ferraris,kdeferrarisl2@comsenz.com,Female,186.233.181.60,675-53-3008,196-850-5841
760,Wallache,Rouchy,wrouchyl3@harvard.edu,Male,100.115.66.249,557-69-3592,534-252-5271
761,Astra,Dorsett,adorsettl4@oaic.gov.au,Female,2.198.52.157,255-82-1103,880-746-0845
762,Cristobal,Sweeney,csweeneyl5@washington.edu,Male,144.4.233.81,697-19-3900,795-321-5867
763,Doyle,L'Hommee,dlhommeel6@surveymonkey.com,Male,218.5.188.234,859-97-6138,133-891-6787
764,Donn,Grene,dgrenel7@i2i.jp,Male,191.129.146.213,228-38-9345,128-981-4059
765,Kylie,Werndley,kwerndleyl8@altervista.org,Female,57.206.236.111,701-32-9606,785-967-0679
766,Demetra,Puttnam,dputtnaml9@theglobeandmail.com,Female,235.38.169.150,774-47-3361,626-268-6663
767,Delores,Linzee,dlinzeela@elpais.com,Female,210.55.178.85,570-85-6418,400-742-7695
768,Lindy,Dowbiggin,ldowbigginlb@1und1.de,Female,1.183.11.139,602-57-7932,759-552-8238
769,Annadiane,Petrus,apetruslc@furl.net,Female,157.144.179.218,875-42-2404,223-446-0464
770,Hugo,MacTague,hmactagueld@wix.com,Male,246.233.43.250,734-95-1929,561-955-4937
771,Gabriel,Ulster,gulsterle@google.it,Genderfluid,91.209.104.38,746-18-1376,843-724-5021
772,Wendye,Keggins,wkegginslf@cornell.edu,Polygender,180.78.68.60,113-37-1878,216-187-4955
773,Kara-lynn,Longstreeth,klongstreethlg@ning.com,Female,162.107.117.253,567-41-3816,241-158-0567
774,Padraic,Gazey,pgazeylh@microsoft.com,Male,183.113.40.239,609-40-2241,125-273-2164
775,Minnnie,Bonefant,mbonefantli@about.com,Genderqueer,214.169.222.174,557-81-9820,127-449-7331
776,Mimi,Bulbeck,mbulbecklj@ebay.co.uk,Female,191.126.254.182,867-43-6595,471-675-9766
777,Haley,St. Quentin,hstquentinlk@ocn.ne.jp,Female,233.129.199.64,219-26-3777,954-252-1530
778,Gideon,Brunke,gbrunkell@google.co.uk,Male,9.86.102.180,407-08-0566,548-877-7585
779,Molly,Worvill,mworvilllm@fotki.com,Female,38.154.88.67,212-68-0143,497-148-3885
780,Harald,Kaysor,hkaysorln@4shared.com,Male,230.197.48.165,856-23-7075,637-450-5708
781,Anne-corinne,Pettigrew,apettigrewlo@blinklist.com,Female,116.146.226.24,191-67-9065,347-365-0966
782,Carolynn,Shillum,cshillumlp@g.co,Female,20.104.241.209,166-65-0086,101-316-3965
783,Kikelia,Poundsford,kpoundsfordlq@cnn.com,Female,120.144.164.101,838-43-6999,730-518-2294
784,Cass,Stoneley,cstoneleylr@phoca.cz,Male,236.10.201.105,199-83-1699,702-505-1839
785,Trent,Fittis,tfittisls@businessweek.com,Male,22.190.4.102,214-61-1331,249-209-7064
786,Maryjo,Cholmondeley,mcholmondeleylt@hatena.ne.jp,Female,76.226.213.142,435-41-2940,756-764-1329
787,Cory,Chantree,cchantreelu@sitemeter.com,Male,132.188.232.112,262-95-0381,949-646-6712
788,Elspeth,Golborne,egolbornelv@prweb.com,Female,221.29.193.9,198-66-3938,384-780-9088
789,Reilly,Holdey,rholdeylw@blog.com,Male,195.246.46.210,580-50-8737,901-838-6998
790,Lib,Cator,lcatorlx@elegantthemes.com,Female,220.131.109.192,113-89-7772,335-500-2173
791,Roseanne,Orable,rorablely@simplemachines.org,Female,247.149.247.172,820-52-5785,904-348-4251
792,Ernie,Whaley,ewhaleylz@google.com,Male,152.138.225.183,688-09-6927,218-208-0847
793,Augustine,Muckleston,amucklestonm0@linkedin.com,Female,61.1.216.168,778-08-7302,450-623-0403
794,Faina,Patten,fpattenm1@utexas.edu,Female,247.65.246.95,574-19-9935,604-474-4090
795,Charlotta,Philcock,cphilcockm2@mtv.com,Female,64.42.112.21,618-14-9851,398-678-8363
796,Winnifred,Habershon,whabershonm3@liveinternet.ru,Female,119.197.131.39,163-13-9210,827-689-1160
797,Norene,Clemmey,nclemmeym4@businessweek.com,Female,50.95.177.192,111-69-8985,678-609-7099
798,Shae,Popelay,spopelaym5@themeforest.net,Female,145.178.35.66,881-03-3384,793-868-8617
799,Vincenz,Few,vfewm6@va.gov,Male,218.35.174.155,722-60-8226,659-323-9884
800,Pet,Bilbery,pbilberym7@reverbnation.com,Female,65.123.42.149,757-34-3040,414-345-8218
801,Sarene,Archbald,sarchbaldm8@bandcamp.com,Female,50.252.215.0,262-72-8123,358-736-6650
802,Dov,Rowley,drowleym9@elpais.com,Bigender,137.128.11.173,745-50-5412,802-451-0045
803,Daron,Peile,dpeilema@booking.com,Female,11.93.238.106,847-81-5859,978-645-5065
804,Fleming,Iveson,fivesonmb@zdnet.com,Male,155.200.253.50,592-91-9537,841-599-5298
805,Dorie,Kingsbury,dkingsburymc@ehow.com,Male,164.80.28.179,395-92-5387,471-140-0390
806,Whit,Thomlinson,wthomlinsonmd@wunderground.com,Male,162.54.239.182,614-91-6086,893-732-9633
807,Luciano,Ucceli,luccelime@ebay.com,Male,204.148.169.243,134-98-7616,929-509-7153
808,Bucky,Blakeley,bblakeleymf@nytimes.com,Male,149.240.163.135,320-91-7807,973-422-6404
809,Chase,Waltering,cwalteringmg@ezinearticles.com,Male,183.78.183.58,842-49-5870,912-863-5517
810,Robin,Bastian,rbastianmh@google.de,Male,67.82.180.193,566-88-5560,594-353-3104
811,Rafe,Trumper,rtrumpermi@illinois.edu,Male,193.49.64.109,812-19-4538,663-727-1804
812,Lesley,Tuckwell,ltuckwellmj@oaic.gov.au,Polygender,81.59.181.163,107-98-2186,909-597-8781
813,Gerrilee,Brandolini,gbrandolinimk@hubpages.com,Female,251.142.60.157,617-64-1590,396-202-5313
814,Vassily,Corten,vcortenml@elpais.com,Male,121.87.118.123,254-03-1671,547-939-4617
815,Roxi,Milson,rmilsonmm@hubpages.com,Female,126.183.60.191,411-85-3504,316-414-1287
816,Debby,Maccaddie,dmaccaddiemn@360.cn,Female,120.252.18.206,412-99-4868,341-476-5821
817,Mikaela,Capstaff,mcapstaffmo@google.co.jp,Female,131.48.179.248,283-58-5962,377-510-8521
818,Rhianna,Dudderidge,rdudderidgemp@hao123.com,Female,231.57.245.224,428-09-3001,421-708-6626
819,Duke,Masseo,dmasseomq@ebay.co.uk,Male,183.98.139.52,281-21-5878,535-199-4670
820,Ignatius,Lochhead,ilochheadmr@smh.com.au,Male,99.235.116.194,376-32-5518,634-285-4776
821,Brittni,Girvan,bgirvanms@tmall.com,Female,119.9.153.179,503-40-0370,782-882-0021
822,Portia,Kernes,pkernesmt@webmd.com,Female,32.4.69.64,584-49-4833,530-413-3701
823,Jonell,Caseborne,jcasebornemu@google.com.br,Female,21.183.134.66,316-03-0547,953-394-4249
824,Johna,Garner,jgarnermv@theglobeandmail.com,Female,172.191.173.96,562-41-3036,769-318-7315
825,Kendell,Worviell,kworviellmw@mlb.com,Agender,125.105.102.157,318-97-9342,874-523-2204
826,Amitie,Churly,achurlymx@google.cn,Female,159.90.151.115,349-80-9228,576-536-3055
827,Jerome,Ummfrey,jummfreymy@howstuffworks.com,Male,245.206.62.121,694-56-6613,354-226-5637
828,Standford,Parkin,sparkinmz@amazonaws.com,Male,23.116.227.208,524-86-9271,246-251-5998
829,Lilllie,Menis,lmenisn0@123-reg.co.uk,Female,189.123.62.12,593-60-7735,347-217-9076
830,Spencer,Doggerell,sdoggerelln1@exblog.jp,Male,218.245.135.227,368-54-4290,661-471-6478
831,Tobye,Peek,tpeekn2@t-online.de,Agender,228.98.203.101,160-52-5575,209-643-3916
832,Jonie,Shilvock,jshilvockn3@networkadvertising.org,Female,116.26.84.172,781-28-4956,700-811-6541
833,Olly,Whalley,owhalleyn4@mapquest.com,Male,13.183.50.163,782-49-2055,450-344-0558
834,Boony,Beavors,bbeavorsn5@behance.net,Male,213.78.167.70,453-33-4236,390-140-0943
835,Gwenni,Harsent,gharsentn6@oakley.com,Female,244.144.235.87,424-11-3295,923-881-4309
836,Baily,Tamburo,btamburon7@spotify.com,Male,82.210.127.95,424-96-5844,725-171-3808
837,Julieta,Hardes,jhardesn8@wsj.com,Female,237.102.56.4,279-13-0392,526-759-6866
838,Linette,Gile,lgilen9@intel.com,Female,12.44.114.119,600-01-9534,123-942-8760
839,Tyrus,Jenteau,tjenteauna@wikimedia.org,Male,148.28.75.37,391-33-6055,729-928-5926
840,Cedric,Acton,cactonnb@patch.com,Male,127.250.38.53,398-20-6140,206-205-1832
841,Jinny,Hopkyns,jhopkynsnc@vimeo.com,Female,97.239.190.234,398-30-7114,205-855-8066
842,Candy,Binner,cbinnernd@answers.com,Female,159.115.236.45,146-75-8625,807-693-9718
843,Gradey,Bastone,gbastonene@miibeian.gov.cn,Male,13.129.189.181,897-98-4505,396-461-4005
844,Richard,Moran,rmorannf@weather.com,Male,132.70.104.61,637-47-3293,889-368-9134
845,Lora,Paulo,lpaulong@istockphoto.com,Female,94.142.241.161,404-63-3542,503-135-4825
846,Shepherd,Gittoes,sgittoesnh@usatoday.com,Male,34.154.78.185,564-03-4676,162-584-3269
847,Dolores,Eronie,deronieni@prnewswire.com,Genderqueer,66.212.224.39,404-69-2875,119-676-4279
848,Tedda,Starton,tstartonnj@kickstarter.com,Female,44.108.235.24,115-87-8588,816-863-8208
849,Augy,Shilstone,ashilstonenk@tiny.cc,Male,57.105.133.58,453-96-3611,344-441-7401
850,Norri,Loyd,nloydnl@china.com.cn,Female,170.36.67.137,256-85-9918,100-113-0089
851,Thorstein,Asser,tassernm@studiopress.com,Male,177.239.126.123,384-98-8632,156-407-6286
852,Libbie,McClary,lmcclarynn@sogou.com,Female,38.43.14.136,410-91-6209,369-926-5055
853,Maryellen,Dossit,mdossitno@google.ru,Female,50.146.218.147,342-01-9863,262-443-2438
854,Katrinka,Ladyman,kladymannp@ox.ac.uk,Agender,91.190.254.80,604-35-8316,886-250-0995
855,Elfrieda,Brockington,ebrockingtonnq@pbs.org,Female,218.46.118.73,197-47-4064,305-594-3149
856,Ailee,Turbard,aturbardnr@myspace.com,Female,154.7.128.242,765-36-7578,263-351-0898
857,Godart,Thams,gthamsns@sphinn.com,Male,241.42.87.15,505-53-9328,819-983-3652
858,Lennie,Currey,lcurreynt@bbb.org,Male,211.171.246.232,810-40-5941,167-623-6916
859,Oby,Hanselmann,ohanselmannnu@github.com,Genderqueer,156.115.121.171,429-06-5212,690-720-5342
860,Rogers,Anyene,ranyenenv@examiner.com,Male,25.70.186.78,165-50-4859,467-350-3337
861,Freeman,Bevir,fbevirnw@geocities.jp,Male,16.218.67.77,678-33-2755,754-179-0461
862,Corey,Rattenberie,crattenberienx@privacy.gov.au,Male,147.50.120.127,278-92-1667,737-156-2617
863,Dewain,Bordone,dbordoneny@yelp.com,Male,87.125.112.178,765-73-9792,575-214-4322
864,Pietro,Osband,posbandnz@desdev.cn,Male,214.89.201.37,647-04-4385,187-807-3114
865,Alejandrina,Duns,adunso0@naver.com,Female,131.158.2.16,259-92-4321,849-224-6558
866,Min,Thurling,mthurlingo1@go.com,Female,43.118.194.199,899-21-5222,388-617-1116
867,Mateo,Keighly,mkeighlyo2@4shared.com,Male,199.188.142.87,507-74-1089,454-190-0250
868,Blinny,Reading,breadingo3@admin.ch,Female,118.175.144.83,516-07-1064,675-581-9762
869,Waylan,Van den Oord,wvandenoordo4@economist.com,Male,190.18.100.86,510-03-2980,238-445-4307
870,Ileane,Ladd,iladdo5@theglobeandmail.com,Female,137.245.134.255,855-38-5992,900-154-3130
871,Johnette,Wehner,jwehnero6@sciencedaily.com,Female,103.66.239.188,287-05-1920,206-924-3133
872,Laughton,Cranmere,lcranmereo7@cbslocal.com,Male,115.110.143.6,284-09-6642,224-714-2213
873,Ali,Brighty,abrightyo8@lulu.com,Female,84.12.185.186,380-30-3952,602-603-4089
874,Nealy,Von Hindenburg,nvonhindenburgo9@domainmarket.com,Agender,237.25.22.175,551-64-4110,703-526-1676
875,Elwin,Joskowicz,ejoskowiczoa@delicious.com,Genderqueer,216.94.95.88,860-17-6118,100-688-5484
876,Benedicto,Reinger,breingerob@privacy.gov.au,Male,121.174.239.158,356-42-8230,692-491-2639
877,Lucas,Decreuze,ldecreuzeoc@blogger.com,Male,11.134.243.243,884-51-2728,704-194-9484
878,Theresita,Frain,tfrainod@goodreads.com,Female,226.212.91.9,570-64-2382,862-863-5267
879,Carissa,Woolstenholmes,cwoolstenholmesoe@dmoz.org,Genderfluid,31.133.110.53,746-37-8535,901-801-6019
880,Gib,Matias,gmatiasof@jugem.jp,Male,71.44.155.70,486-69-3074,394-719-0860
881,Hildegaard,Hilling,hhillingog@accuweather.com,Female,129.197.246.253,763-52-5742,466-580-9667
882,Asher,Paulin,apaulinoh@posterous.com,Male,255.80.152.175,778-07-3613,699-796-3907
883,Erhard,Klimt,eklimtoi@bigcartel.com,Male,251.92.223.21,618-91-8730,241-668-1848
884,Coriss,Myott,cmyottoj@google.es,Female,181.143.37.231,640-35-8815,924-928-7981
885,Charin,Chieco,cchiecook@globo.com,Female,180.231.206.164,482-64-8972,547-528-7945
886,Branden,Quainton,bquaintonol@addthis.com,Male,200.222.32.23,254-26-3312,290-736-6478
887,Orville,Curtis,ocurtisom@linkedin.com,Male,222.63.183.39,315-21-1879,630-975-4517
888,Philly,McLellan,pmclellanon@wired.com,Female,214.36.118.185,679-64-8525,646-117-3283
889,Egan,Carr,ecarroo@sourceforge.net,Male,31.206.29.41,887-70-7102,465-926-5569
890,Nichol,Ruthen,nruthenop@mac.com,Female,134.35.128.15,736-87-6474,195-422-7438
891,Charlene,Dew,cdewoq@sciencedaily.com,Female,254.131.225.243,826-06-7092,605-820-4253
892,Baron,Cobon,bcobonor@storify.com,Male,91.212.65.139,544-15-0910,418-385-0034
893,Flori,Barbery,fbarberyos@phoca.cz,Female,40.111.166.22,642-26-3043,338-501-6765
894,Werner,Lob,wlobot@hugedomains.com,Male,237.84.200.126,350-07-7404,241-646-4743
895,Franz,Rousel,frouselou@yellowpages.com,Male,111.201.12.81,823-04-2954,763-205-8521
896,Amabelle,Pauleit,apauleitov@gravatar.com,Female,239.225.68.8,660-18-5282,545-276-1335
897,Arvy,McNae,amcnaeow@mediafire.com,Male,233.138.154.241,295-14-1182,915-423-8277
898,Charline,D'Acth,cdacthox@springer.com,Female,156.128.142.167,673-40-0618,121-168-6877
899,Bastian,Mival,bmivaloy@thetimes.co.uk,Male,44.0.216.143,875-74-5995,889-807-6232
900,Zollie,Booy,zbooyoz@forbes.com,Male,13.134.169.195,635-99-7312,402-659-9724
901,Tammy,Diamant,tdiamantp0@nymag.com,Female,161.68.101.162,631-55-2394,278-648-6855
902,Bennie,Caldwall,bcaldwallp1@parallels.com,Male,209.194.96.98,778-11-3688,112-518-2367
903,Ettore,Tieraney,etieraneyp2@delicious.com,Male,128.75.187.232,566-46-0072,896-714-6114
904,Jemmy,Airth,jairthp3@bloomberg.com,Female,72.154.178.240,727-82-8721,489-609-6763
905,David,Cookley,dcookleyp4@xing.com,Male,97.218.53.92,722-71-6991,666-478-0503
906,Suki,Hearmon,shearmonp5@utexas.edu,Female,91.64.128.40,469-72-1359,539-169-4863
907,Hyatt,Hansford,hhansfordp6@chronoengine.com,Male,24.182.135.232,599-61-1857,546-999-8322
908,Jocelyn,Bellee,jbelleep7@google.fr,Female,59.81.229.241,225-32-1782,501-424-6135
909,Berri,Alu,balup8@bigcartel.com,Female,218.0.224.233,639-93-1388,121-737-6222
910,Rafferty,Garrould,rgarrouldp9@washington.edu,Male,209.203.51.4,844-78-0220,333-238-3160
911,Jeffy,Janczewski,jjanczewskipa@de.vu,Male,111.97.224.155,548-09-5198,920-835-4644
912,Iggy,Vankeev,ivankeevpb@redcross.org,Male,212.125.138.249,723-09-7043,362-131-3495
913,Chick,Macon,cmaconpc@cornell.edu,Male,230.205.249.87,321-72-6414,878-524-2169
914,Johnathan,Bremmell,jbremmellpd@china.com.cn,Male,102.44.69.94,495-24-4587,794-214-2815
915,Yasmeen,Bulman,ybulmanpe@moonfruit.com,Non-binary,246.242.102.176,838-08-5015,839-612-1456
916,Amberly,Turley,aturleypf@delicious.com,Female,98.117.196.30,535-97-3770,217-826-7510
917,Granville,Lovat,glovatpg@barnesandnoble.com,Male,30.177.10.242,163-69-2966,615-245-3579
918,Clarissa,Easterling,ceasterlingph@scribd.com,Female,171.101.17.63,610-73-2702,395-246-5594
919,Kirsten,Girton,kgirtonpi@scribd.com,Female,168.82.190.202,667-38-7903,956-463-0449
920,Kameko,Kissell,kkissellpj@xinhuanet.com,Female,145.241.153.137,130-72-8805,628-728-0923
921,Arlette,Simmonett,asimmonettpk@umn.edu,Female,235.141.43.75,292-35-7559,471-827-2853
922,Adora,Dallman,adallmanpl@irs.gov,Female,15.130.32.46,578-68-0300,316-895-7305
923,Freddy,Portwain,fportwainpm@salon.com,Male,80.215.35.146,111-47-5276,448-129-6101
924,Bryn,Brasener,bbrasenerpn@springer.com,Male,128.150.150.188,139-31-2631,998-629-4924
925,Louisette,Deamer,ldeamerpo@de.vu,Female,138.244.100.220,281-70-1196,768-776-8509
926,Joyce,Tithecote,jtithecotepp@wufoo.com,Female,92.83.63.137,770-10-0257,967-677-2790
927,Quillan,McIlmorow,qmcilmorowpq@soup.io,Male,188.121.168.77,838-95-3375,392-816-2086
928,Sandye,Readett,sreadettpr@nps.gov,Female,37.243.127.192,672-45-0281,941-579-9455
929,Fields,Ivic,fivicps@sogou.com,Male,80.7.200.200,304-42-2602,141-738-5566
930,Thayne,Piercey,tpierceypt@mapquest.com,Male,179.124.142.166,692-23-3585,982-787-1658
931,Ford,Reoch,freochpu@indiatimes.com,Genderqueer,49.192.54.94,389-22-1087,596-404-5879
932,Agretha,Boice,aboicepv@dyndns.org,Female,85.21.141.121,646-55-7054,196-862-2299
933,Skippy,Milley,smilleypw@narod.ru,Male,157.105.120.168,107-16-6583,989-500-2496
934,Calli,Calow,ccalowpx@google.pl,Female,85.141.109.166,728-40-6837,191-570-4452
935,Gusty,Courtonne,gcourtonnepy@blogger.com,Female,183.9.104.94,679-49-0210,984-647-9736
936,Abramo,Dalston,adalstonpz@blogspot.com,Male,117.229.16.148,266-82-2344,715-502-9795
937,Vevay,Seide,vseideq0@about.me,Female,122.130.173.53,391-09-3717,910-305-8061
938,Spike,Skitral,sskitralq1@whitehouse.gov,Male,251.98.169.147,724-71-1191,196-133-3681
939,Flem,Tefft,ftefftq2@acquirethisname.com,Male,34.243.63.36,649-11-1849,728-569-4191
940,Berky,Ingham,binghamq3@usgs.gov,Male,93.202.129.137,196-59-8237,213-709-1210
941,Wynn,Gheorghie,wgheorghieq4@typepad.com,Male,255.77.139.52,624-75-6888,222-233-2312
942,Edin,Sevior,eseviorq5@foxnews.com,Female,37.16.9.123,440-45-3391,676-556-1640
943,Darnall,Meconi,dmeconiq6@upenn.edu,Male,224.90.166.205,834-78-9265,501-185-3345
944,Kermie,Harridge,kharridgeq7@webs.com,Male,109.36.240.214,117-87-1225,460-991-4325
945,Rutter,Marsie,rmarsieq8@samsung.com,Male,193.7.115.105,575-76-7187,618-942-0949
946,Cleopatra,Serle,cserleq9@sakura.ne.jp,Female,26.232.38.225,363-26-8843,338-880-5646
947,Ricoriki,Landal,rlandalqa@etsy.com,Male,196.255.189.109,833-59-2475,918-770-8770
948,North,Whaplington,nwhaplingtonqb@mit.edu,Male,131.62.215.76,314-26-0522,587-806-2724
949,Myrna,Comettoi,mcomettoiqc@wix.com,Female,235.164.171.228,342-11-7141,455-467-6010
950,Ruddie,Chipping,rchippingqd@privacy.gov.au,Male,27.178.191.218,115-25-2375,233-103-4841
951,Felice,Grinter,fgrinterqe@networksolutions.com,Female,190.139.17.48,174-66-9748,498-785-6609
952,Robinette,Baldrey,rbaldreyqf@sitemeter.com,Female,73.2.87.208,188-50-7131,358-901-8009
953,Alasteir,Fanning,afanningqg@miitbeian.gov.cn,Male,190.163.195.222,894-97-0480,283-513-9665
954,Sibby,Crowest,scrowestqh@etsy.com,Female,55.243.94.202,685-51-8509,552-502-7026
955,Deanne,Woodrow,dwoodrowqi@seesaa.net,Female,40.176.145.147,140-61-7587,109-768-3395
956,Tobie,Dhennin,tdhenninqj@studiopress.com,Non-binary,37.181.22.69,284-37-5757,679-986-3609
957,Natty,Blueman,nbluemanqk@slate.com,Male,97.96.166.34,834-51-9468,364-872-5901
958,Orran,Skeermor,oskeermorql@ted.com,Male,64.86.142.59,185-43-2555,145-316-7010
959,Francis,Kondrat,fkondratqm@unesco.org,Male,68.12.97.238,178-43-1671,150-962-2981
960,Correy,Wodeland,cwodelandqn@theatlantic.com,Male,198.53.45.229,327-22-7853,849-987-7797
961,Clarence,Neubigging,cneubiggingqo@dyndns.org,Male,99.139.193.110,332-92-9305,959-814-6237
962,Dotty,Meadway,dmeadwayqp@printfriendly.com,Female,253.132.18.32,434-05-8804,232-526-3613
963,Greg,Revitt,grevittqq@google.com.br,Male,244.210.12.242,316-85-7143,978-377-6762
964,Haskel,Olenchenko,holenchenkoqr@google.ru,Male,178.38.176.173,475-11-7293,822-773-4019
965,Ade,Common,acommonqs@wix.com,Male,60.131.250.204,689-09-4413,603-105-8132
966,Glynn,McCluin,gmccluinqt@amazon.co.uk,Male,64.41.92.41,267-04-0687,130-541-3026
967,Davidde,Gillbee,dgillbeequ@wired.com,Male,142.5.205.141,330-50-2671,878-862-4055
968,Sabra,Thomtson,sthomtsonqv@eventbrite.com,Female,134.255.35.11,798-94-6041,339-525-2551
969,Holmes,Klimochkin,hklimochkinqw@tripadvisor.com,Male,68.230.137.33,383-20-0412,230-904-3172
970,Dag,Klimashevich,dklimashevichqx@buzzfeed.com,Male,224.87.26.218,708-87-6009,843-437-5649
971,Mac,Attreed,mattreedqy@opensource.org,Male,43.104.40.10,485-09-9420,806-471-1720
972,Guinevere,Bentham3,gbenthamqz@mediafire.com,Female,151.39.168.201,120-15-2604,530-447-3191
973,Marsha,Morville,mmorviller0@google.com.hk,Female,37.76.126.119,339-41-1588,647-403-8747
974,Aigneis,Beadel,abeadelr1@whitehouse.gov,Agender,46.49.198.144,532-36-3642,144-582-2214
975,Dolores,Fessions,dfessionsr2@mac.com,Female,43.77.191.27,595-30-8026,382-630-6303
976,Ezequiel,Casiroli,ecasirolir3@fastcompany.com,Male,114.215.99.113,814-62-7577,202-692-4861
977,Oliviero,Picken,opickenr4@newyorker.com,Male,143.218.136.93,531-40-6680,503-271-3826
978,Charmaine,Dadge,cdadger5@google.cn,Female,230.202.24.133,251-04-8883,330-625-8961
979,Guendolen,Bertl,gbertlr6@ft.com,Female,231.145.195.116,506-40-4258,187-151-4442
980,Dominik,Belfelt,dbelfeltr7@discovery.com,Male,174.245.208.12,268-39-5414,803-975-9976
981,Alicea,Illingworth,aillingworthr8@geocities.jp,Female,248.106.78.219,498-83-7031,190-998-3544
982,Tobias,Coopland,tcooplandr9@google.co.jp,Male,116.154.243.35,336-43-1883,528-576-4793
983,Zachary,Schroder,zschroderra@spiegel.de,Male,72.168.238.162,362-73-4851,461-854-2092
984,Elka,Smartman,esmartmanrb@columbia.edu,Genderqueer,68.70.248.124,752-26-4235,543-601-2793
985,Nevsa,Stolle,nstollerc@usatoday.com,Female,159.89.202.100,611-79-8189,217-128-2388
986,Carlee,Creevy,ccreevyrd@123-reg.co.uk,Female,18.170.249.190,652-82-9292,771-280-3548
987,Arabela,Ridding,ariddingre@rakuten.co.jp,Female,71.42.125.42,839-98-2204,930-975-5637
988,Sayers,Kiffin,skiffinrf@bloglines.com,Male,136.38.199.185,113-19-2905,526-138-7635
989,Elaina,Yegorshin,eyegorshinrg@dot.gov,Female,219.40.203.118,590-54-0860,554-622-9701
990,Chen,Peffer,cpefferrh@cbsnews.com,Male,3.55.238.127,693-63-4255,181-916-7171
991,Christy,Turney,cturneyri@spiegel.de,Male,173.184.69.233,169-12-0816,693-855-6767
992,Phillie,Carayol,pcarayolrj@i2i.jp,Female,102.64.242.102,303-20-4832,781-130-9199
993,Isaak,Blencoe,iblencoerk@samsung.com,Male,26.231.150.88,343-60-4272,813-432-0554
994,Skyler,Wiffill,swiffillrl@nyu.edu,Male,100.41.58.29,673-95-9457,246-360-6365
995,Kellina,Grass,kgrassrm@hud.gov,Non-binary,159.7.222.79,861-54-0768,499-573-2669
996,Eugine,Vanelli,evanellirn@oakley.com,Female,66.202.40.47,730-72-8152,281-215-5030
997,Hobey,Clancey,hclanceyro@wp.com,Male,126.62.92.206,486-42-3449,560-979-7681
998,Michel,Ottosen,mottosenrp@bandcamp.com,Male,171.163.241.21,655-24-6208,499-505-4614
999,Marcellina,Tiernan,mtiernanrq@cnet.com,Female,115.74.101.63,173-62-4849,556-537-4447
1000,Tasha,Kornilov,tkornilovrr@phpbb.com,Female,88.41.37.72,807-37-8454,836-758-2152
