contact_id,first_name,last_name,email,gender,ip_address,ssn,phone
1,Trista,Feary,tfeary0@simplemachines.org,Female,95.128.85.3,742-46-9451,881-901-2626
2,Jenn,Dovidaitis,jdovidaitis1@php.net,Female,98.55.14.8,746-70-9690,202-715-8081
3,Letty,Chardin,lchardin2@spiegel.de,Genderfluid,136.198.26.234,266-77-2582,
4,Gerti,Yven,gyven3@deliciousdays.com,Female,57.247.2.57,493-53-7192,462-379-9357
5,Hollyanne,McComb,hmccomb4@unicef.org,Female,251.89.191.148,384-69-8685,643-636-6625
6,Keefer,Pesticcio,kpesticcio5@archive.org,Male,13.14.206.86,782-87-4547,286-453-0057
7,Alexandrina,Vaud,avaud6@topsy.com,Female,138.130.107.161,584-30-5947,360-538-0946
8,Sutton,Barwack,sbarwack7@ted.com,Male,57.80.192.47,827-98-7412,849-904-1513
9,Herbie,Goodyer,hgoodyer8@soundcloud.com,Male,57.151.166.163,331-73-3071,419-569-5767
10,Muriel,Claessens,mclaessens9@blogtalkradio.com,Female,81.70.210.23,277-17-4332,459-454-1862
11,Art,Brodeur,abrodeura@theguardian.com,Male,6.99.193.62,215-13-3473,684-974-3133
12,Sandro,Bevis,sbevisb@i2i.jp,Male,86.67.191.102,177-86-9410,470-926-9927
13,Kain,Aust,kaustc@sun.com,Male,176.64.109.204,594-17-7654,
14,Scarlett,Privett,sprivettd@theguardian.com,Female,12.206.179.101,693-07-7978,212-427-1132
15,Tessa,Minger,tmingere@fastcompany.com,Female,136.59.120.72,372-70-4990,561-296-9238
16,Hughie,Ciccone,hcicconef@accuweather.com,Male,168.105.174.76,661-18-0630,312-216-8872
17,Creigh,Platts,cplattsg@msu.edu,Male,12.249.57.149,535-53-7550,
18,Oates,Gerholz,ogerholzh@ocn.ne.jp,Male,141.239.110.141,556-35-1038,166-576-5718
19,Garwood,Lethabridge,glethabridgei@home.pl,Male,12.218.200.139,537-11-5685,271-415-6350
20,Marshal,Colerick,mcolerickj@amazonaws.com,Male,52.86.184.9,841-96-0638,816-234-2617
21,Fania,Chaloner,fchalonerk@chronoengine.com,Female,100.69.82.82,104-12-2378,368-189-5683
22,Horton,Hooban,hhoobanl@webmd.com,Male,145.127.45.76,885-55-0266,586-349-2683
23,Bradan,Harner,bharnerm@omniture.com,Polygender,135.193.167.124,353-25-0696,727-437-4247
24,Harri,Hargroves,hhargrovesn@jimdo.com,Female,253.17.188.166,719-34-4931,706-170-5716
25,Thatcher,Benallack,tbenallacko@scribd.com,Male,145.19.93.56,752-87-9912,
26,Auberta,Bambridge,abambridgep@patch.com,Female,87.118.216.5,498-84-5233,484-383-4158
27,Jervis,Snoxell,jsnoxellq@soundcloud.com,Male,92.72.171.13,479-43-2934,309-532-3417
28,Faulkner,Toal,ftoalr@ocn.ne.jp,Male,187.62.169.97,366-97-8250,925-175-8104
29,Horace,Faudrie,hfaudries@qq.com,Male,248.46.233.147,446-88-1829,822-183-8971
30,Lissa,Aloshechkin,laloshechkint@accuweather.com,Female,43.129.191.217,489-40-8839,279-197-9827
31,Marnie,Reveland,mrevelandu@redcross.org,Agender,101.253.11.29,571-34-6836,627-676-7572
32,Lyon,Ellesmere,lellesmerev@goo.ne.jp,Male,167.177.98.240,169-19-4375,
33,Thornie,Duns,tdunsw@newyorker.com,Male,64.119.60.178,816-52-0897,939-478-9217
34,Brian,Itzchaky,bitzchakyx@pbs.org,Male,121.218.16.212,113-05-3176,971-776-4501
35,Magdalena,Kapelhoff,mkapelhoffy@t.co,Female,229.77.19.139,440-02-2071,585-336-5950
36,Saunders,Carnock,scarnockz@ucoz.ru,Male,213.112.45.29,525-72-7898,788-855-1961
37,Cari,Cossins,ccossins10@chronoengine.com,Female,71.49.86.116,234-44-9659,299-450-0141
38,Robinia,Cowell,rcowell11@blogs.com,Female,185.232.71.123,448-65-7521,
39,Iorgos,de Banke,idebanke12@newyorker.com,Male,60.132.5.49,764-04-8585,444-857-1676
40,Tuesday,Gynni,tgynni13@dell.com,Female,162.115.5.104,548-11-4893,767-123-5562
41,Marina,Cutts,mcutts14@artisteer.com,Female,222.113.20.93,577-34-5643,452-355-0591
42,Wait,Levay,wlevay15@zdnet.com,Male,82.44.81.84,290-74-0724,825-596-6761
43,Ike,Elfe,ielfe16@networkadvertising.org,Male,247.78.67.122,811-41-8726,701-467-3886
44,Boone,Medeway,bmedeway17@rakuten.co.jp,Male,60.89.33.234,214-43-0813,231-684-7772
45,Bee,Klossek,bklossek18@goo.ne.jp,Female,82.35.130.180,721-30-8178,817-577-8902
46,Wiley,Rawstorne,wrawstorne19@wisc.edu,Male,1.202.56.153,368-38-1643,941-686-4016
47,Goran,Philips,gphilips1a@google.co.jp,Male,72.12.27.32,696-64-5848,380-408-9081
48,Clarisse,Deny,cdeny1b@engadget.com,Female,69.196.211.188,644-56-6691,
49,Ariel,Matthiae,amatthiae1c@prnewswire.com,Male,67.66.246.209,239-35-0389,214-608-5896
50,Drusy,Colleck,dcolleck1d@cargocollective.com,Female,171.27.207.57,174-67-1154,
51,Fletcher,Burgoyne,fburgoyne1e@wordpress.org,Male,14.113.201.128,491-40-6179,974-396-8536
52,Hazlett,Pattington,hpattington1f@ocn.ne.jp,Male,76.140.246.49,620-37-1962,765-844-6818
53,Paddy,Vankov,pvankov1g@opera.com,Male,246.171.228.106,649-35-7376,327-352-5928
54,Loella,Wittey,lwittey1h@vistaprint.com,Female,160.132.171.250,445-04-1490,498-921-4305
55,Michail,Storks,mstorks1i@cdbaby.com,Male,130.81.39.170,577-81-6739,
56,Jennee,Minto,jminto1j@blogspot.com,Female,3.100.219.137,880-31-9563,280-694-1318
57,Dagny,Cresser,dcresser1k@walmart.com,Male,228.181.0.251,479-23-1058,501-474-4477
58,Consalve,Cradock,ccradock1l@princeton.edu,Agender,49.168.36.47,815-01-8606,177-982-8118
59,Colan,Davoren,cdavoren1m@arstechnica.com,Male,116.76.207.111,599-80-6159,867-269-5307
60,Brocky,Charlwood,bcharlwood1n@bloglines.com,Male,190.21.55.167,219-56-3049,728-678-7436
61,Paolina,Matz,pmatz1o@bbb.org,Female,201.22.102.135,368-69-9953,983-814-5527
62,Leela,MacAughtrie,lmacaughtrie1p@trellian.com,Female,116.32.163.174,688-13-6596,803-785-9979
63,Nye,Lockney,nlockney1q@alibaba.com,Male,228.183.17.99,499-33-2055,592-959-6393
64,Justinian,Fawdry,jfawdry1r@nymag.com,Male,205.95.156.234,633-86-4964,316-952-3757
65,Gregoor,Gerred,ggerred1s@jigsy.com,Male,187.147.59.58,250-23-2475,235-213-3210
66,Yehudi,Bellfield,ybellfield1t@liveinternet.ru,Male,77.10.62.30,702-17-2443,
67,Christoph,Amoss,camoss1u@a8.net,Male,242.59.69.126,358-93-1936,694-584-5704
68,Xenos,Prinn,xprinn1v@xing.com,Male,235.160.167.189,323-05-2276,
69,Jennica,Lenz,jlenz1w@mapy.cz,Female,164.61.223.103,262-16-4948,831-739-1340
70,Letty,Bonnick,lbonnick1x@dell.com,Female,61.51.68.152,699-93-2180,819-767-0186
71,Randall,Halegarth,rhalegarth1y@state.gov,Male,172.197.26.29,836-31-9238,
72,Chryste,Conyard,cconyard1z@dion.ne.jp,Female,181.130.125.123,452-80-3229,945-614-6137
73,Avril,Clac,aclac20@hugedomains.com,Female,93.208.36.166,289-84-3226,435-290-0604
74,Bobby,Dedden,bdedden21@unblog.fr,Female,88.60.163.21,329-01-6033,
75,Del,McCool,dmccool22@ebay.co.uk,Male,252.163.193.56,266-16-5509,901-516-5871
76,Sylvia,Bairnsfather,sbairnsfather23@g.co,Polygender,248.182.76.163,218-72-0538,
77,Basil,Gadsby,bgadsby24@tiny.cc,Male,229.170.122.70,661-19-6675,
78,Goddard,Langdale,glangdale25@wp.com,Male,153.24.74.200,378-81-2329,252-963-4434
79,Gaby,Stigell,gstigell26@reference.com,Female,49.76.167.195,516-75-7266,280-607-8597
80,Netty,Lindro,nlindro27@google.nl,Female,4.249.66.8,697-48-7383,699-334-9860
81,Shirline,Swendell,sswendell28@miibeian.gov.cn,Female,39.210.71.197,288-71-6621,826-771-6055
82,Barney,Daleman,bdaleman29@hibu.com,Male,48.122.199.194,549-08-1144,837-815-1346
83,Roley,Phinn,rphinn2a@cocolog-nifty.com,Male,192.112.36.88,894-37-4581,174-284-5412
84,Lorinda,Bole,lbole2b@youku.com,Female,182.141.253.165,414-03-8282,
85,Maisey,Camp,mcamp2c@zimbio.com,Female,195.178.47.140,246-87-9811,114-813-3469
86,Arvie,Bridle,abridle2d@sakura.ne.jp,Male,131.222.254.123,271-75-7585,413-976-3031
87,Chuck,Born,cborn2e@dedecms.com,Male,69.114.116.42,391-98-5538,
88,Jenica,Clemmett,jclemmett2f@people.com.cn,Polygender,253.56.202.100,502-79-6720,357-114-7552
89,Jazmin,Sheekey,jsheekey2g@sfgate.com,Female,220.248.188.13,465-04-6789,197-941-2547
90,Donalt,Twaite,dtwaite2h@bbb.org,Male,37.67.241.232,732-45-9634,831-865-6115
91,Lanae,Longley,llongley2i@ehow.com,Female,226.109.213.43,248-66-3008,147-899-3815
92,Eamon,Hildred,ehildred2j@dell.com,Male,16.39.216.127,850-55-6093,
93,Chick,Arnold,carnold2k@jalbum.net,Male,242.220.181.111,675-37-3069,116-549-0137
94,Tine,Keegan,tkeegan2l@shop-pro.jp,Female,33.143.82.34,394-12-5330,260-868-3639
95,Wilhelmine,Leeson,wleeson2m@whitehouse.gov,Female,50.45.202.149,586-14-3201,629-250-5499
96,Brnaby,Fischer,bfischer2n@etsy.com,Male,1.200.197.38,858-54-1024,109-130-5056
97,Averill,Strudwick,astrudwick2o@so-net.ne.jp,Male,217.143.187.21,829-52-7586,276-587-5160
98,Virgilio,Yushankin,vyushankin2p@deliciousdays.com,Male,217.59.1.213,308-38-1686,572-351-5828
99,Lamar,Fripps,lfripps2q@oakley.com,Genderqueer,69.70.240.72,678-66-7493,422-342-1868
100,Bary,Magrane,bmagrane2r@furl.net,Male,85.23.113.154,534-44-9910,708-571-9681
101,Edward,Penn,epenn2s@arstechnica.com,Male,148.248.196.235,775-59-2043,783-868-7003
102,Ginnie,Cornil,gcornil2t@goodreads.com,Female,120.108.42.208,147-94-1387,907-322-1095
103,Maxine,Ibert,mibert2u@usgs.gov,Female,63.169.232.38,200-12-0293,528-351-2825
104,Bernadette,Trundell,btrundell2v@phoca.cz,Female,142.234.120.162,743-75-3446,204-869-8530
105,Terrye,Stothert,tstothert2w@goo.gl,Agender,194.39.17.248,406-88-6325,413-938-9508
106,Genia,Tennewell,gtennewell2x@sitemeter.com,Female,150.135.106.8,166-32-3325,
107,Barny,Melby,bmelby2y@unc.edu,Male,107.69.28.165,461-95-3932,580-281-5541
108,Aloise,Cantu,acantu2z@hhs.gov,Female,160.253.181.115,708-16-0903,
109,Carmel,Fussen,cfussen30@java.com,Female,220.105.186.52,501-90-4557,676-197-6489
110,Lianna,Kivlin,lkivlin31@g.co,Female,202.31.225.107,660-87-4561,
111,Krispin,Drane,kdrane32@so-net.ne.jp,Male,216.191.164.229,341-22-6072,
112,Donny,Giocannoni,dgiocannoni33@hc360.com,Female,40.196.154.89,518-30-9696,829-611-0445
113,Denni,Vardy,dvardy34@ucla.edu,Female,159.123.41.61,512-89-6282,164-545-8255
114,Haskel,Faireclough,hfaireclough35@wix.com,Male,115.223.53.204,452-48-4632,416-969-6271
115,Zorah,Shawel,zshawel36@shinystat.com,Female,48.253.121.185,139-23-8886,978-201-9215
116,Angie,Bruck,abruck37@slashdot.org,Male,19.36.199.140,736-88-0714,
117,Randall,Skate,rskate38@redcross.org,Male,199.205.36.74,193-17-4047,745-123-6373
118,Cherry,Hagan,chagan39@hatena.ne.jp,Female,133.12.198.41,743-88-1439,262-273-8118
119,Kelsey,Bruggeman,kbruggeman3a@123-reg.co.uk,Male,105.208.145.254,695-76-2874,
120,Reade,Chell,rchell3b@soundcloud.com,Male,74.105.144.84,418-41-8398,894-942-2416
121,Sharyl,Willcock,swillcock3c@washington.edu,Female,42.80.175.185,464-11-0326,414-903-9531
122,Bordie,Francklin,bfrancklin3d@sun.com,Non-binary,233.29.10.73,343-52-8726,919-324-6832
123,Helsa,Pasque,hpasque3e@ucla.edu,Female,245.217.93.231,217-47-8657,257-987-3306
124,Fawn,Plume,fplume3f@jalbum.net,Female,153.94.98.154,633-53-4973,913-516-5868
125,Tessy,Dumberrill,tdumberrill3g@arizona.edu,Female,12.222.151.39,291-56-5786,
126,Gunar,Sextone,gsextone3h@nature.com,Male,26.174.223.115,622-98-9580,993-229-6020
127,Meta,Hort,mhort3i@google.co.jp,Female,171.246.73.111,356-40-2605,604-886-9914
128,Christabel,Coleson,ccoleson3j@forbes.com,Female,252.6.231.34,181-18-6279,628-760-0466
129,Camellia,Benfell,cbenfell3k@google.it,Female,12.26.163.245,894-08-9511,128-471-8089
130,Shalom,Leggan,sleggan3l@ca.gov,Polygender,135.69.12.121,136-40-1961,
131,Netti,McClary,nmcclary3m@blogspot.com,Female,124.179.24.78,665-57-5751,961-412-5141
132,Sheryl,Penley,spenley3n@baidu.com,Female,157.6.50.164,381-04-6239,
133,Sacha,Kleinert,skleinert3o@ca.gov,Female,205.211.79.14,316-58-6916,408-132-9483
134,Hanni,Phippen,hphippen3p@rambler.ru,Female,68.21.161.233,850-38-4061,225-315-1068
135,Eva,Joddens,ejoddens3q@java.com,Female,90.168.59.157,144-63-2345,
136,Huey,Tackell,htackell3r@oaic.gov.au,Male,170.52.23.100,342-61-8639,516-675-0547
137,Fleming,Paur,fpaur3s@jigsy.com,Male,44.54.235.147,514-69-2037,743-897-7640
138,Gibbie,Brown,gbrown3t@goodreads.com,Male,23.40.220.97,861-91-5435,571-473-9712
139,Chaunce,Ballsdon,cballsdon3u@aboutads.info,Male,42.229.246.226,129-58-5689,271-638-3582
140,Rosalia,Stollwerk,rstollwerk3v@i2i.jp,Female,190.106.104.254,769-82-6281,107-655-7129
141,Swen,Boothman,sboothman3w@liveinternet.ru,Male,143.25.88.40,354-05-2067,642-791-2303
142,Willie,MacCafferky,wmaccafferky3x@disqus.com,Male,36.81.234.154,601-16-4342,152-275-3273
143,Nike,Kivelhan,nkivelhan3y@mlb.com,Female,248.32.69.138,358-64-8029,
144,Margy,Base,mbase3z@netlog.com,Female,131.237.217.255,147-72-1417,966-507-7198
145,Frederic,Murname,fmurname40@bbb.org,Male,140.75.171.34,326-33-8941,816-773-4481
146,Elyn,Yukhnin,eyukhnin41@indiegogo.com,Polygender,57.141.202.120,654-53-9817,477-136-5069
147,Stillman,Houseman,shouseman42@sun.com,Male,198.197.77.247,440-70-5084,313-824-0062
148,Hewet,Swinfen,hswinfen43@rakuten.co.jp,Male,234.44.231.47,696-54-5403,895-334-5402
149,Roma,Swain,rswain44@reddit.com,Male,70.51.235.242,172-18-4856,487-556-2252
150,Carie,Pettecrew,cpettecrew45@wikimedia.org,Female,19.154.224.235,582-11-6375,421-136-9654
151,Inga,Nijs,inijs46@narod.ru,Female,27.118.208.185,640-50-8457,860-638-2585
152,Caroline,Pont,cpont47@gmpg.org,Female,189.62.229.147,887-89-4108,114-179-8743
153,Hendrick,Meenehan,hmeenehan48@un.org,Male,160.233.162.19,768-61-2809,407-174-5415
154,Maurise,Kennion,mkennion49@ameblo.jp,Female,173.52.234.225,599-97-2777,275-623-1582
155,Bernice,Tonkinson,btonkinson4a@illinois.edu,Bigender,0.145.182.218,440-50-2784,
156,Jarvis,Likly,jlikly4b@blog.com,Male,189.2.55.178,246-42-4758,520-795-3646
157,Maurise,Couves,mcouves4c@twitpic.com,Male,247.84.29.42,838-92-5165,552-747-1486
158,Dominica,Belham,dbelham4d@census.gov,Female,94.161.6.135,384-87-8209,336-535-9100
159,Arlen,Mullender,amullender4e@comsenz.com,Female,233.74.51.100,707-07-3582,801-903-2344
160,Coop,Fausset,cfausset4f@yelp.com,Male,196.72.113.179,712-20-1763,620-750-8375
161,Tomi,Bastock,tbastock4g@example.com,Female,202.226.75.252,634-82-4720,898-231-7233
162,Cristen,Margrem,cmargrem4h@so-net.ne.jp,Female,89.26.123.160,282-98-4211,398-324-2573
163,Sid,Hiseman,shiseman4i@e-recht24.de,Male,39.194.156.105,513-83-6736,995-715-6392
164,Ainslee,Schrader,aschrader4j@huffingtonpost.com,Female,253.42.229.130,613-88-3474,
165,Alfred,Madgett,amadgett4k@ifeng.com,Male,220.252.25.170,165-14-0612,339-962-5705
166,Christina,Baton,cbaton4l@state.gov,Female,20.169.125.185,796-03-4150,801-425-7054
167,Almire,Huonic,ahuonic4m@oracle.com,Female,2.65.229.109,361-19-5252,440-620-2209
168,Tony,Mosen,tmosen4n@over-blog.com,Male,198.82.94.66,598-67-7964,213-626-8763
169,Maurits,Upchurch,mupchurch4o@123-reg.co.uk,Male,92.119.166.38,134-45-4268,
170,Sibley,Iddenden,siddenden4p@webeden.co.uk,Female,230.67.202.52,352-53-3382,546-393-4945
171,Maura,Kuhnert,mkuhnert4q@cdc.gov,Bigender,109.216.95.162,373-23-6533,293-796-6025
172,Toni,Revey,trevey4r@acquirethisname.com,Female,114.42.106.3,844-25-1009,800-227-3614
173,Esme,Perryn,eperryn4s@about.com,Male,52.35.213.81,188-86-8692,115-482-0803
174,Harrison,Brodie,hbrodie4t@chronoengine.com,Male,186.190.222.98,490-82-3806,616-352-8390
175,Bengt,Mannin,bmannin4u@friendfeed.com,Male,203.187.91.77,331-43-9014,489-366-7858
176,Jorge,Borless,jborless4v@wufoo.com,Male,12.103.222.36,678-78-1848,667-787-4296
177,Mayer,Heppner,mheppner4w@yahoo.co.jp,Male,32.79.144.155,770-61-9347,
178,Gloria,Moulton,gmoulton4x@yelp.com,Female,243.218.24.81,229-83-8641,207-476-8761
179,Dallon,Redhead,dredhead4y@elpais.com,Male,120.85.147.255,677-87-7150,375-875-3343
180,Hailey,O'Corren,hocorren4z@flavors.me,Male,76.211.177.62,430-01-4766,958-876-6316
181,Laurens,Melross,lmelross50@nasa.gov,Male,151.227.52.81,347-07-4596,272-375-7718
182,Guinevere,Code,gcode51@w3.org,Female,241.13.71.30,181-32-2731,
183,Nevins,Welland,nwelland52@illinois.edu,Male,175.188.206.53,830-64-7469,529-143-8369
184,Virgina,Luke,vluke53@google.es,Female,97.5.112.205,420-83-8751,688-412-6449
185,Henderson,Kirkham,hkirkham54@census.gov,Genderqueer,202.208.232.105,498-28-6632,901-861-7351
186,Alessandra,Castanho,acastanho55@google.fr,Female,155.202.194.73,119-43-5965,370-115-0803
187,Roxine,Pilpovic,rpilpovic56@parallels.com,Female,59.219.138.217,803-61-2693,563-644-9575
188,Dody,Clist,dclist57@europa.eu,Female,23.110.86.186,862-84-4898,
189,Farlie,McArtan,fmcartan58@comsenz.com,Male,167.75.254.120,801-16-5006,266-840-8161
190,Fernande,Roussel,froussel59@newyorker.com,Female,65.73.252.163,398-46-5619,848-548-5955
191,Branden,Dobbins,bdobbins5a@bloglines.com,Male,253.70.28.27,765-70-1126,301-949-6203
192,Bernita,Belvard,bbelvard5b@pagesperso-orange.fr,Female,134.91.103.253,613-05-4581,638-126-7928
193,Michelina,Armes,marmes5c@patch.com,Female,223.61.77.206,693-07-7927,488-711-7138
194,Gardie,Campsall,gcampsall5d@oracle.com,Male,44.78.175.169,827-06-1233,
195,Wally,Lytton,wlytton5e@discuz.net,Female,112.236.32.40,143-20-4212,317-838-6050
196,Rosanne,Pote,rpote5f@photobucket.com,Agender,8.68.232.3,119-41-3718,375-421-5834
197,Mano,Fausch,mfausch5g@cdbaby.com,Male,141.40.154.187,622-64-3053,596-741-3447
198,Evyn,Pomfrey,epomfrey5h@prweb.com,Male,245.124.185.169,667-60-0374,556-963-4775
199,Sully,Sollitt,ssollitt5i@slashdot.org,Male,99.44.70.70,529-41-3150,699-833-7630
200,Wakefield,Anthoney,wanthoney5j@zdnet.com,Male,124.111.96.74,112-67-4114,406-508-8424
201,Evangelia,Bass,ebass5k@liveinternet.ru,Female,235.61.15.238,491-99-0953,368-336-1450
202,Dominick,Faircliff,dfaircliff5l@unblog.fr,Male,248.121.95.197,683-76-9927,711-429-9029
203,Hartley,Edkins,hedkins5m@java.com,Male,46.250.11.195,271-55-7721,331-440-0437
204,Avigdor,Fleckness,afleckness5n@t-online.de,Male,118.147.208.202,889-76-9950,
205,Joannes,Crawcour,jcrawcour5o@globo.com,Non-binary,253.51.186.225,794-21-7917,720-740-2895
206,Zechariah,Mitchinson,zmitchinson5p@unblog.fr,Male,22.134.135.193,252-17-9818,
207,Yoshi,Scouller,yscouller5q@cafepress.com,Female,60.142.123.85,838-11-9191,799-354-8835
208,Alanna,Wickwar,awickwar5r@angelfire.com,Female,213.137.52.151,410-30-4225,310-189-6486
209,Reynard,Zellmer,rzellmer5s@nifty.com,Male,239.198.100.51,423-27-4687,431-468-8359
210,Dehlia,McGuff,dmcguff5t@prnewswire.com,Female,79.20.181.23,386-51-3831,638-363-5297
211,Lilas,Falkinder,lfalkinder5u@hibu.com,Genderfluid,28.223.62.219,583-86-0248,
212,Elvis,Pert,epert5v@360.cn,Male,111.223.45.94,393-06-7166,
213,Chaim,Haslegrave,chaslegrave5w@mashable.com,Male,139.61.252.24,216-93-4901,608-858-9989
214,Emlyn,McKyrrelly,emckyrrelly5x@wunderground.com,Male,93.248.38.60,308-46-5804,210-224-4061
215,Liza,Lamort,llamort5y@stumbleupon.com,Female,183.251.199.90,226-47-1373,
216,Obadiah,Bilovsky,obilovsky5z@boston.com,Male,47.48.63.173,365-27-9100,620-193-6793
217,Cherlyn,Basillon,cbasillon60@blog.com,Non-binary,170.244.199.20,703-66-7689,921-814-6574
218,Nanette,Rawnsley,nrawnsley61@diigo.com,Female,78.57.112.169,633-33-2529,906-596-6803
219,Thea,Kubik,tkubik62@smugmug.com,Female,239.98.209.187,883-19-3487,653-215-6716
220,Amerigo,Franklin,afranklin63@domainmarket.com,Male,15.115.0.76,780-02-9339,
221,Lilias,Pauls,lpauls64@purevolume.com,Female,81.224.79.95,749-82-0901,910-625-4109
222,Aylmer,Skurm,askurm65@bloomberg.com,Male,29.149.224.183,492-22-1218,684-727-7380
223,Kaitlin,Betteriss,kbetteriss66@goo.ne.jp,Female,123.212.149.22,519-95-2099,328-811-0469
224,Erwin,Rigolle,erigolle67@wired.com,Male,29.114.7.202,836-83-2905,271-534-9513
225,Kerry,O'Cannovane,kocannovane68@oakley.com,Female,175.172.118.148,676-21-8572,669-505-6029
226,Hartwell,Peyntue,hpeyntue69@cnet.com,Male,216.212.160.146,482-87-9165,274-150-4536
227,Jamill,Sebert,jsebert6a@homestead.com,Genderfluid,186.64.186.46,277-53-8722,459-439-2460
228,Ferdinanda,Harrie,fharrie6b@twitter.com,Female,119.186.17.233,411-86-2496,680-200-2385
229,Elwin,Johnson,ejohnson6c@etsy.com,Male,48.234.180.105,808-76-8380,
230,Panchito,Manthroppe,pmanthroppe6d@bbc.co.uk,Male,50.173.172.107,292-05-6298,
231,Tanny,Dawnay,tdawnay6e@free.fr,Male,123.92.224.242,778-93-8751,470-684-3499
232,Tiffanie,Schwandermann,tschwandermann6f@accuweather.com,Female,225.154.100.136,114-99-0061,303-214-7375
233,Greg,O'Siaghail,gosiaghail6g@nature.com,Male,161.92.230.224,312-66-2206,451-906-8580
234,Coleen,Boxhall,cboxhall6h@blogger.com,Female,175.69.147.61,323-31-2245,775-700-0721
235,Caresse,Cutler,ccutler6i@acquirethisname.com,Female,221.55.235.98,665-88-4995,599-206-0342
236,Alvis,Girodon,agirodon6j@myspace.com,Male,184.19.103.32,544-59-7473,464-198-9729
237,Nannette,Moore,nmoore6k@cdbaby.com,Female,242.135.28.107,619-89-6286,504-477-5485
238,Vickie,Heatlie,vheatlie6l@freewebs.com,Female,37.169.243.160,496-33-3441,360-748-7355
239,Conney,MacGown,cmacgown6m@loc.gov,Male,62.117.94.124,523-87-2936,940-703-9487
240,Glenine,Betho,gbetho6n@google.ru,Female,240.194.201.166,175-94-9902,
241,Ursula,Toby,utoby6o@usatoday.com,Female,38.174.152.206,215-76-6291,764-394-2618
242,Cortney,Croster,ccroster6p@soundcloud.com,Female,19.231.127.179,564-52-8752,980-892-7331
243,Cordie,BoHlingolsen,cbohlingolsen6q@jigsy.com,Female,67.57.131.5,114-47-1247,576-607-8023
244,Pet,Santore,psantore6r@slate.com,Female,230.27.106.165,123-93-5426,268-836-1430
245,Arne,Hardern,ahardern6s@princeton.edu,Male,36.100.76.74,597-88-3391,836-754-5742
246,Hieronymus,Sanz,hsanz6t@nsw.gov.au,Male,64.47.50.200,768-03-9952,125-675-0488
247,Alon,Brelsford,abrelsford6u@163.com,Male,230.58.98.18,572-45-7267,155-998-6688
248,Stefan,Ellsom,sellsom6v@si.edu,Male,151.42.204.203,595-45-8616,734-795-5895
249,Clyve,Shavel,cshavel6w@meetup.com,Male,3.214.196.14,202-85-5464,709-365-6569
250,Silvain,Tatem,statem6x@xrea.com,Male,245.114.34.58,576-03-7755,783-632-7477
251,Mischa,Butters,mbutters6y@shutterfly.com,Male,129.70.122.80,531-36-6081,376-487-6934
252,Felic,Telezhkin,ftelezhkin6z@naver.com,Male,202.115.51.25,223-87-2445,
253,Nedi,Connold,nconnold70@va.gov,Genderqueer,157.139.152.145,631-19-4304,116-392-6615
254,Aubry,Blaine,ablaine71@umn.edu,Female,166.70.89.108,456-06-4091,317-503-6127
255,Micheline,Bilbrooke,mbilbrooke72@google.co.uk,Female,230.58.255.38,587-42-1344,150-936-3757
256,Lowell,Samways,lsamways73@amazon.de,Male,7.20.126.240,755-62-6113,416-504-7383
257,Martelle,Durrans,mdurrans74@virginia.edu,Female,57.220.1.13,411-04-2506,
258,Kristien,Shapter,kshapter75@oakley.com,Female,158.246.132.146,388-90-7293,805-370-3032
259,Olia,Asgodby,oasgodby76@angelfire.com,Female,110.170.0.65,277-67-0766,213-391-6506
260,Aimee,Ryce,aryce77@wunderground.com,Polygender,39.24.66.231,859-60-7988,151-605-4871
261,Winni,Burdge,wburdge78@census.gov,Female,230.218.233.190,731-93-5369,876-348-8000
262,Creighton,Coen,ccoen79@techcrunch.com,Male,116.250.28.140,292-15-9390,859-598-5397
263,Sada,Shrimplin,sshrimplin7a@tripod.com,Female,198.119.150.58,173-71-5269,826-865-9202
264,Keen,Blunsen,kblunsen7b@google.ca,Male,177.243.67.50,239-33-7460,551-240-1262
265,Dorothea,Reeks,dreeks7c@webmd.com,Genderfluid,60.140.49.14,408-47-2263,240-874-1585
266,Marabel,Spooner,mspooner7d@cnbc.com,Female,252.250.160.224,627-42-5101,865-121-9306
267,Egon,Britt,ebritt7e@geocities.jp,Male,112.208.11.42,104-44-2212,
268,Dorry,Kennedy,dkennedy7f@reference.com,Female,82.237.75.245,583-46-7769,358-614-4787
269,Kris,Kynder,kkynder7g@mozilla.org,Female,219.99.104.97,205-31-0927,352-338-9937
270,Shaw,Fonso,sfonso7h@msu.edu,Male,220.59.196.143,217-67-7133,385-799-9974
271,Sibylla,Paulack,spaulack7i@cloudflare.com,Female,60.11.139.203,634-15-8741,962-606-3138
272,Seward,Uridge,suridge7j@xrea.com,Male,180.83.40.66,787-07-1720,962-679-6381
273,Dominik,Franzettoini,dfranzettoini7k@whitehouse.gov,Male,246.241.48.110,632-25-2576,585-592-8875
274,Riva,Cay,rcay7l@independent.co.uk,Female,8.83.71.150,797-51-1035,711-826-0025
275,Margette,Brownjohn,mbrownjohn7m@topsy.com,Female,55.20.62.199,720-57-2763,638-484-4199
276,Cristine,Kobierra,ckobierra7n@tmall.com,Female,154.106.181.149,432-36-8258,319-954-1631
277,Phillida,Penner,ppenner7o@fema.gov,Female,74.158.236.40,722-60-5127,
278,Jarid,Mace,jmace7p@dyndns.org,Male,224.69.115.8,600-09-8230,206-801-0809
279,Farra,Hoodspeth,fhoodspeth7q@deliciousdays.com,Female,142.19.153.18,764-08-9104,561-391-4268
280,Belle,Pickwell,bpickwell7r@imdb.com,Female,184.244.238.164,451-18-7837,593-899-7904
281,Fredric,Coldman,fcoldman7s@cmu.edu,Male,223.75.93.70,310-63-2032,190-817-5262
282,Trudie,Iorillo,tiorillo7t@yellowbook.com,Genderfluid,46.49.101.99,617-72-7029,190-507-8013
283,Yolane,Bidwell,ybidwell7u@nytimes.com,Female,234.138.140.146,164-81-8664,130-101-6029
284,Nari,Goodlud,ngoodlud7v@comsenz.com,Female,105.252.71.233,773-61-9787,140-446-2260
285,Jase,Edsall,jedsall7w@multiply.com,Male,174.71.114.94,504-48-1133,944-869-2935
286,Benedicta,Iorns,biorns7x@woothemes.com,Female,61.255.90.69,751-18-8501,164-788-1408
287,Freeman,Ciotto,fciotto7y@msn.com,Male,49.64.154.15,591-70-0371,302-609-6790
288,Garv,Fillon,gfillon7z@china.com.cn,Male,193.249.36.38,370-25-7011,514-113-4581
289,Vernor,Baden,vbaden80@parallels.com,Male,107.55.188.152,815-49-1980,
290,Hall,Steer,hsteer81@unc.edu,Male,77.110.93.32,529-36-4008,
291,Mellisa,Fishly,mfishly82@sohu.com,Female,111.123.4.151,332-22-5576,289-876-2276
292,Giorgio,Canlin,gcanlin83@elegantthemes.com,Male,48.18.110.126,295-75-0911,416-998-2905
293,Tann,Makeswell,tmakeswell84@indiatimes.com,Male,73.110.17.171,682-24-4805,504-625-9424
294,Chris,Kelby,ckelby85@prweb.com,Male,254.175.234.163,578-82-5899,917-624-5697
295,Kerr,Mugford,kmugford86@ask.com,Male,162.214.3.23,157-27-5442,975-365-2786
296,Byrle,Bridal,bbridal87@hugedomains.com,Male,89.164.251.33,142-25-0987,
297,Lowe,Dulany,ldulany88@marriott.com,Male,135.214.107.82,139-85-7880,823-205-6064
298,Lefty,Thrustle,lthrustle89@xinhuanet.com,Male,64.231.123.209,469-89-0968,149-571-8522
299,Virginia,Greenard,vgreenard8a@phpbb.com,Female,27.156.54.96,525-71-3976,564-646-2110
300,Jephthah,Simmonett,jsimmonett8b@dailymotion.com,Male,207.67.76.47,657-79-1692,961-747-6824
301,Romy,Eloi,reloi8c@unc.edu,Female,150.78.150.247,801-67-2227,360-737-1648
302,Ursola,O'Hear,uohear8d@accuweather.com,Female,163.104.12.52,299-73-7329,576-422-2771
303,Ira,Kibard,ikibard8e@clickbank.net,Female,51.142.169.209,464-18-6997,844-695-7132
304,Marion,Cakes,mcakes8f@clickbank.net,Male,117.152.61.52,669-83-2851,821-540-1400
305,Denis,Stracey,dstracey8g@dropbox.com,Male,18.47.199.132,882-59-7449,673-316-4832
306,Aland,Breem,abreem8h@yellowbook.com,Male,185.142.159.97,879-98-8471,865-601-2815
307,Reid,Dryden,rdryden8i@intel.com,Male,56.122.78.169,522-65-7033,670-173-3041
308,Chloris,Plet,cplet8j@si.edu,Female,144.80.186.32,598-44-4324,776-305-1892
309,Mycah,Bidmead,mbidmead8k@squarespace.com,Male,246.160.229.130,455-44-4055,121-307-7238
310,Kare,Flitcroft,kflitcroft8l@unc.edu,Female,154.206.94.216,476-63-2190,
311,Helyn,Kordovani,hkordovani8m@answers.com,Female,220.142.48.105,553-35-0344,537-926-0525
312,Wash,Huguet,whuguet8n@google.com.hk,Male,84.166.135.78,245-06-6384,883-509-4855
313,Beck,Caizley,bcaizley8o@usda.gov,Male,255.234.47.53,846-69-6072,
314,Cirilo,Diamond,cdiamond8p@purevolume.com,Male,205.91.249.221,296-81-6351,405-957-0902
315,Bradly,Bruckenthal,bbruckenthal8q@topsy.com,Male,60.110.253.0,304-70-6143,952-910-8831
316,Arlena,Ding,ading8r@51.la,Female,157.49.58.28,355-70-7480,951-249-8088
317,Dore,Gorman,dgorman8s@cmu.edu,Female,73.80.215.208,304-32-3234,500-268-9446
318,Rufus,De Marchi,rdemarchi8t@altervista.org,Male,28.82.116.27,733-15-0938,805-125-7226
319,Brandi,Smaridge,bsmaridge8u@bravesites.com,Female,149.135.165.35,763-96-2021,964-797-2129
320,Dredi,Urquhart,durquhart8v@gizmodo.com,Female,93.82.181.18,191-21-7150,966-618-4475
321,Roddie,Pauli,rpauli8w@bloglines.com,Male,163.37.88.61,329-40-4119,905-625-9086
322,Miguela,Pettiford,mpettiford8x@alexa.com,Female,12.109.54.13,348-46-2351,288-201-4582
323,Anabal,Robertet,arobertet8y@gravatar.com,Female,132.169.52.13,506-73-3503,396-450-3770
324,Reyna,Rubenczyk,rrubenczyk8z@ft.com,Female,220.182.120.187,253-15-6726,482-584-7030
325,Markos,Christofor,mchristofor90@slate.com,Non-binary,106.183.80.132,419-47-1275,681-277-3981
326,Ruben,Callender,rcallender91@whitehouse.gov,Male,89.104.141.250,624-92-8211,408-668-8954
327,Ronalda,Wolvey,rwolvey92@phoca.cz,Female,41.215.164.253,324-55-5353,113-852-8628
328,Kacie,Schenfisch,kschenfisch93@smugmug.com,Female,217.87.243.213,835-65-0335,889-450-7194
329,Dolly,McKinnon,dmckinnon94@meetup.com,Female,199.235.190.64,569-61-9534,625-236-8431
330,Denney,Michelet,dmichelet95@bigcartel.com,Male,243.213.61.46,133-93-9879,441-519-1630
331,Suzann,Oldcroft,soldcroft96@google.nl,Genderqueer,64.230.127.32,303-64-0981,500-662-2185
332,Geoffry,Kesterton,gkesterton97@dell.com,Male,58.52.201.172,681-44-8353,373-696-6345
333,Matteo,Alvis,malvis98@1688.com,Male,110.200.210.134,176-12-0127,360-174-0907
334,Rollo,Challender,rchallender99@hc360.com,Male,134.211.101.89,775-31-3230,297-572-5926
335,Micky,Rizzone,mrizzone9a@biblegateway.com,Male,31.157.158.65,845-69-1361,702-394-8746
336,Darrin,True,dtrue9b@google.it,Male,35.58.173.170,830-10-4688,591-464-5497
337,Jae,Izaac,jizaac9c@hubpages.com,Bigender,51.197.231.178,456-72-8682,428-223-2660
338,Giorgio,Ducker,gducker9d@163.com,Male,195.189.159.180,517-97-7965,
339,Liza,Dripps,ldripps9e@abc.net.au,Female,106.208.221.41,849-39-1974,251-429-6800
340,Lulita,Grimme,lgrimme9f@berkeley.edu,Female,233.29.94.247,643-95-9384,348-436-2430
341,Saunderson,Attwoul,sattwoul9g@flavors.me,Male,155.199.119.220,636-63-6866,848-497-3682
342,Nathanil,Jaukovic,njaukovic9h@typepad.com,Male,104.161.4.72,131-74-8611,577-431-7091
343,Chloe,Reyna,creyna9i@marriott.com,Female,115.7.66.54,440-14-8457,986-873-9978
344,Mateo,Van den Broek,mvandenbroek9j@fda.gov,Male,73.5.193.242,343-90-1997,281-129-5932
345,Dallon,Blaxton,dblaxton9k@cdbaby.com,Male,249.82.156.203,112-11-6751,
346,Alyss,le Keux,alekeux9l@a8.net,Female,253.150.35.78,576-30-7392,782-569-5929
347,Darrin,Thamelt,dthamelt9m@umn.edu,Male,202.141.188.168,473-11-2174,692-435-5554
348,Lazarus,Olney,lolney9n@ovh.net,Male,94.16.184.121,351-41-9326,275-849-0700
349,Amalea,Pieche,apieche9o@jigsy.com,Female,54.136.92.95,483-13-6008,834-564-7672
350,Kip,Leebeter,kleebeter9p@vk.com,Female,83.215.128.229,351-36-2699,502-859-9175
351,Beatriz,Berg,bberg9q@sakura.ne.jp,Female,232.82.76.1,162-21-4929,379-133-9463
352,Colette,Lound,clound9r@state.gov,Female,106.124.150.40,506-46-5283,856-785-0835
353,Morton,Keeping,mkeeping9s@ow.ly,Genderfluid,199.238.252.59,169-03-5520,230-589-4648
354,Tadio,Easterby,teasterby9t@facebook.com,Male,44.142.116.119,780-43-7117,
355,Lukas,Beiderbecke,lbeiderbecke9u@cyberchimps.com,Male,166.100.222.148,735-59-3288,429-400-3329
356,Robyn,Rouge,rrouge9v@hatena.ne.jp,Female,239.105.21.240,360-88-4207,781-782-4718
357,Elyse,Immer,eimmer9w@zimbio.com,Female,225.75.15.132,793-81-3509,
358,Celia,Stansby,cstansby9x@chronoengine.com,Female,122.82.127.125,300-22-0195,941-496-5355
359,Rosemary,Pietesch,rpietesch9y@nyu.edu,Bigender,235.66.161.209,517-51-9802,205-308-6551
360,Drusy,Solesbury,dsolesbury9z@icq.com,Female,123.197.3.235,150-89-7481,870-393-5786
361,Joachim,Joe,jjoea0@uol.com.br,Male,112.119.46.193,698-29-1205,
362,Beau,Patria,bpatriaa1@ow.ly,Male,24.60.232.82,652-17-7022,727-919-8130
363,Stearn,Sare,ssarea2@mac.com,Male,172.214.186.83,659-95-2359,211-816-2910
364,Claudetta,How to preserve,chowtopreservea3@is.gd,Female,131.70.127.18,443-07-8993,650-595-5372
365,Anitra,Ruck,arucka4@europa.eu,Female,177.152.239.241,622-11-4348,179-153-6585
366,Ricca,Braun,rbrauna5@washington.edu,Female,86.67.169.171,383-14-7611,430-621-7824
367,Edik,Beedon,ebeedona6@phoca.cz,Male,218.82.229.59,547-60-2173,333-561-2923
368,Murry,Plitz,mplitza7@army.mil,Male,55.38.201.214,574-39-6670,243-428-6521
369,Codi,Gibbetts,cgibbettsa8@zdnet.com,Male,154.62.159.163,868-31-4987,600-575-4380
370,Agneta,Jeannot,ajeannota9@w3.org,Female,61.137.36.235,337-44-8899,280-807-9577
371,Sasha,Margrett,smargrettaa@sciencedirect.com,Female,53.110.141.9,737-37-4209,343-206-8532
372,Queenie,Dale,qdaleab@ezinearticles.com,Female,252.87.180.193,654-35-4081,
373,Giordano,Moffett,gmoffettac@posterous.com,Male,161.179.232.223,428-52-7362,184-226-6885
374,Laurence,Gaiter,lgaiterad@moonfruit.com,Non-binary,106.137.215.161,215-71-3292,
375,Merrick,Pipworth,mpipworthae@cbslocal.com,Male,44.243.48.54,770-34-4029,734-575-3158
376,Ky,Ewebank,kewebankaf@hatena.ne.jp,Male,206.250.181.80,729-36-7453,464-945-8587
377,Randie,O'Growgane,rogrowganeag@uiuc.edu,Male,208.64.230.17,633-21-9917,
378,Clim,Chyuerton,cchyuertonah@bloglines.com,Male,145.122.53.146,831-48-3514,740-378-9797
379,Colet,Grzesiewicz,cgrzesiewiczai@wikipedia.org,Male,95.217.254.163,883-29-5763,
380,Franni,Clifforth,fclifforthaj@4shared.com,Female,237.96.47.159,459-73-3555,157-903-4302
381,Lenci,Kollasch,lkollaschak@wisc.edu,Male,126.138.92.71,237-62-3515,
382,Gale,Kaiser,gkaiseral@meetup.com,Genderqueer,92.81.237.164,116-92-6165,559-227-0602
383,Ottilie,Peeke,opeekeam@yandex.ru,Female,157.141.246.111,598-06-0058,
384,Norina,Reimer,nreimeran@time.com,Female,234.191.71.233,286-90-2840,311-764-0131
385,Heath,Woodnutt,hwoodnuttao@nyu.edu,Male,48.62.4.182,532-70-9040,744-176-9487
386,Lazar,Cumber,lcumberap@pinterest.com,Male,178.57.70.5,321-71-7134,174-901-2363
387,Karolina,Tilt,ktiltaq@admin.ch,Female,65.99.1.7,713-99-1871,220-687-5183
388,Bar,Shoosmith,bshoosmithar@pbs.org,Male,182.205.15.66,511-58-5633,354-369-7196
389,Nicolea,Perrigo,nperrigoas@aol.com,Female,17.18.203.74,456-95-8268,799-492-7880
390,Shawn,Wreford,swrefordat@hugedomains.com,Female,65.235.100.60,458-13-4772,
391,Alie,Rawles,arawlesau@businessweek.com,Female,255.229.155.69,784-30-7095,942-935-1272
392,Rowan,Guslon,rguslonav@dyndns.org,Male,233.205.114.235,843-57-0797,447-832-9371
393,Tuesday,Mouan,tmouanaw@soup.io,Female,248.193.98.254,561-10-3153,221-880-8386
394,Ronnica,Temple,rtempleax@mozilla.org,Female,229.141.181.148,755-02-3780,568-532-0475
395,Zollie,Torres,ztorresay@nydailynews.com,Male,195.178.123.81,417-64-8951,134-378-5533
396,Bendite,Messiter,bmessiteraz@ed.gov,Female,163.28.170.49,114-64-2634,329-429-1050
397,Joann,Dowbiggin,jdowbigginb0@nih.gov,Female,98.118.33.156,707-23-9282,847-548-6833
398,Kareem,Bracknall,kbracknallb1@newyorker.com,Male,12.137.23.194,857-51-5232,
399,Fredericka,Edgley,fedgleyb2@xinhuanet.com,Female,115.40.106.135,423-39-1464,574-965-2060
400,Carlie,Polsin,cpolsinb3@census.gov,Male,2.83.37.25,211-21-7000,226-975-1211
401,Florinda,Tremellan,ftremellanb4@tamu.edu,Female,139.166.235.116,803-08-2677,291-333-4155
402,Elbert,Jiggen,ejiggenb5@fema.gov,Male,194.110.19.1,481-95-7569,856-154-7827
403,Karyl,Radmer,kradmerb6@webmd.com,Female,137.165.249.114,387-83-5631,392-640-6879
404,Zelda,Brittlebank,zbrittlebankb7@state.gov,Female,20.42.207.2,446-18-2347,394-163-0125
405,Sunny,Bonnavant,sbonnavantb8@walmart.com,Female,65.137.139.127,384-24-0480,
406,Juliann,Morling,jmorlingb9@uiuc.edu,Female,160.127.200.111,631-09-3083,469-306-2793
407,Bentlee,Morrison,bmorrisonba@domainmarket.com,Male,181.214.175.196,806-64-7358,464-219-0285
408,Dalis,Manass,dmanassbb@comsenz.com,Male,254.146.227.230,413-25-9666,110-815-0359
409,Iggie,Regardsoe,iregardsoebc@globo.com,Male,243.181.228.22,548-09-9063,549-911-3900
410,Valentine,Fry,vfrybd@github.io,Female,242.3.67.242,860-90-4411,435-901-0254
411,Dulcie,Overell,doverellbe@google.cn,Female,112.15.155.9,714-12-6950,585-963-8157
412,Vladamir,Greenlies,vgreenliesbf@ox.ac.uk,Male,70.34.73.178,502-78-8192,724-249-4453
413,Avram,Castellino,acastellinobg@comcast.net,Male,75.8.237.203,701-92-4756,612-424-2959
414,Sally,Tellesson,stellessonbh@quantcast.com,Female,110.232.142.151,516-57-4407,535-669-3871
415,Tony,Chettle,tchettlebi@cocolog-nifty.com,Male,24.71.13.152,120-66-1389,352-313-6698
416,Frederica,Iwanowski,fiwanowskibj@prnewswire.com,Female,51.17.158.187,674-94-1326,697-747-2196
417,Reeba,Nettle,rnettlebk@indiatimes.com,Female,82.180.153.58,656-96-7223,395-285-9900
418,Harlin,Aindrais,haindraisbl@artisteer.com,Male,182.56.2.96,568-97-6153,
419,Rena,Krishtopaittis,rkrishtopaittisbm@sitemeter.com,Female,169.222.245.56,720-38-6500,881-535-4623
420,Leesa,Aylen,laylenbn@walmart.com,Female,224.156.203.118,690-63-7080,245-108-5316
421,Clement,Hayford,chayfordbo@nydailynews.com,Male,99.21.171.238,459-95-2960,178-138-7524
422,Viola,Rawne,vrawnebp@miitbeian.gov.cn,Female,63.250.95.96,558-63-5542,516-494-2673
423,Astrid,Swede,aswedebq@list-manage.com,Female,2.104.73.218,689-81-7586,104-629-7856
424,Sargent,McPhilemy,smcphilemybr@utexas.edu,Male,171.234.248.74,707-24-0405,600-788-6234
425,Dillon,Novill,dnovillbs@mashable.com,Male,21.182.11.180,314-15-5625,170-708-4750
426,Fulton,Remnant,fremnantbt@reuters.com,Male,81.208.166.79,413-17-1786,919-946-8858
427,Norrie,Sibborn,nsibbornbu@etsy.com,Male,178.189.150.137,366-59-5370,301-842-5043
428,Ferdinanda,Green,fgreenbv@drupal.org,Female,188.57.67.80,476-98-4007,799-554-7225
429,Jourdain,Van Weedenburg,jvanweedenburgbw@discovery.com,Male,140.101.158.168,237-58-4080,323-271-6973
430,Hall,Knell,hknellbx@hp.com,Male,166.117.176.184,775-77-6786,737-722-3849
431,Walliw,Martlew,wmartlewby@123-reg.co.uk,Polygender,250.162.182.64,850-25-9405,547-729-0741
432,Chadwick,Deny,cdenybz@purevolume.com,Male,216.28.147.105,404-96-3568,582-811-6040
433,Peggie,McGaughey,pmcgaugheyc0@geocities.jp,Female,245.252.73.133,160-85-4897,904-368-1572
434,Rich,Lindwall,rlindwallc1@zimbio.com,Male,96.220.4.71,212-62-8663,789-599-6096
435,Jammal,Lanchbery,jlanchberyc2@examiner.com,Male,35.194.134.129,836-92-5887,857-698-2313
436,Annmarie,Chastagnier,achastagnierc3@over-blog.com,Non-binary,67.182.219.112,427-27-7148,990-378-5519
437,Modestine,Alibone,malibonec4@nba.com,Female,180.152.159.142,872-97-8283,164-770-0053
438,Duffy,Iacomini,diacominic5@army.mil,Male,253.126.112.51,461-49-1195,206-746-9272
439,Bryce,Sumpton,bsumptonc6@flavors.me,Male,102.2.77.53,420-90-8418,673-323-0167
440,Shurwood,Hamsher,shamsherc7@twitter.com,Male,164.63.33.14,470-22-0839,751-455-9883
441,Wendeline,Kinchley,wkinchleyc8@marketwatch.com,Female,62.142.220.108,799-71-0882,626-683-1115
442,Saleem,McFfaden,smcffadenc9@go.com,Male,110.23.237.177,359-70-8381,566-716-0136
443,Brewster,Soan,bsoanca@123-reg.co.uk,Male,154.189.59.206,552-81-2075,774-490-4558
444,Alessandra,Van Son,avansoncb@ifeng.com,Female,61.52.71.48,538-96-9812,528-275-7571
445,Jamey,Dregan,jdregancc@live.com,Male,43.232.27.162,877-74-6007,
446,Filippa,Deakins,fdeakinscd@ning.com,Agender,119.6.254.110,639-90-6915,
447,Rudyard,Tizzard,rtizzardce@flickr.com,Male,51.130.121.170,488-84-7244,741-202-1047
448,Iorgo,Fourcade,ifourcadecf@elegantthemes.com,Male,136.234.30.151,701-87-2812,662-705-6724
449,Lauretta,Crabb,lcrabbcg@newsvine.com,Female,148.120.112.189,550-71-0548,738-626-1981
450,Horatio,McSaul,hmcsaulch@nhs.uk,Male,82.250.65.125,136-89-6039,766-515-2329
451,Agace,McPeake,amcpeakeci@blogs.com,Female,106.233.60.65,673-34-6275,
452,Mollee,Nealand,mnealandcj@hao123.com,Female,249.130.165.66,694-84-6831,141-456-4776
453,Modesta,Konerding,mkonerdingck@sfgate.com,Female,173.151.146.129,333-99-2229,104-263-7034
454,Ulick,Maddock,umaddockcl@java.com,Male,2.65.17.22,118-87-5354,916-271-6521
455,Sharleen,Birchall,sbirchallcm@columbia.edu,Female,243.84.51.57,753-45-3550,811-275-9038
456,Caz,Huntress,chuntresscn@howstuffworks.com,Male,61.0.152.229,735-06-4020,488-319-5759
457,Pascale,Bangle,pbangleco@indiatimes.com,Male,194.175.138.198,323-63-6705,847-463-1965
458,Shalna,Hagan,shagancp@sina.com.cn,Female,14.76.241.107,124-19-6634,741-281-4534
459,Terence,Blundan,tblundancq@joomla.org,Male,250.101.64.135,237-42-4422,723-610-9168
460,Marshal,Goracci,mgoraccicr@live.com,Male,239.4.249.140,171-03-0216,883-738-6704
461,Mavra,Beedell,mbeedellcs@histats.com,Female,159.230.182.196,725-73-7130,112-253-6849
462,Alard,Luchetti,aluchettict@dion.ne.jp,Male,76.40.222.60,837-10-7089,505-685-1270
463,Harriet,De Ruggiero,hderuggierocu@usda.gov,Genderfluid,34.57.110.229,428-01-1509,442-594-2500
464,Natty,Murford,nmurfordcv@ovh.net,Female,149.115.102.236,349-02-1290,
465,Addia,Dresser,adressercw@deliciousdays.com,Female,139.143.57.46,363-08-1279,
466,Rolando,Roantree,rroantreecx@reverbnation.com,Male,55.183.155.105,587-69-0545,380-297-4755
467,Shem,Forrestall,sforrestallcy@constantcontact.com,Male,25.218.134.189,358-16-8044,509-189-9433
468,Franky,Dust,fdustcz@unc.edu,Female,107.189.136.50,753-99-4469,619-935-1568
469,Andrei,Spoole,aspooled0@smh.com.au,Female,235.144.56.143,468-90-6071,525-114-2961
470,Catharine,Mowsley,cmowsleyd1@dyndns.org,Female,233.129.12.170,636-26-1171,276-541-4775
471,Aubree,Kolinsky,akolinskyd2@biglobe.ne.jp,Female,133.11.114.47,472-99-1246,524-654-7362
472,Elia,Lemmen,elemmend3@domainmarket.com,Male,32.30.131.203,510-10-5781,963-658-5054
473,Dirk,Almond,dalmondd4@abc.net.au,Male,37.143.1.44,201-82-1443,221-169-3925
474,Stavros,Baus,sbausd5@slashdot.org,Male,81.82.226.55,731-85-1425,593-158-4771
475,Tish,Cayle,tcayled6@businessinsider.com,Female,97.236.193.18,511-74-2144,977-124-9002
476,Thaxter,Scholard,tscholardd7@flavors.me,Male,28.107.75.207,427-52-6801,834-719-6595
477,Oliver,Eger,oegerd8@illinois.edu,Male,228.122.36.240,358-58-5753,
478,Devon,McKeown,dmckeownd9@stumbleupon.com,Female,188.32.145.45,628-24-6436,858-304-0232
479,Georgina,Hardstaff,ghardstaffda@unicef.org,Female,18.236.214.197,574-63-2210,
480,Shantee,Sherewood,ssherewooddb@harvard.edu,Female,131.15.195.172,441-47-6090,650-304-2641
481,Wallace,Antoniat,wantoniatdc@google.de,Male,0.223.215.80,626-91-0261,276-485-3383
482,Kimberli,Duiged,kduigeddd@ask.com,Female,153.26.116.116,723-59-3278,
483,Abdul,Hapke,ahapkede@over-blog.com,Non-binary,89.175.54.92,864-33-9554,816-719-8114
484,Florette,Itchingham,fitchinghamdf@mit.edu,Female,252.194.35.127,271-25-4728,311-805-5723
485,Lowell,Hampstead,lhampsteaddg@arstechnica.com,Male,112.77.33.215,802-84-3242,767-687-8283
486,Darrel,Durrett,ddurrettdh@mysql.com,Male,84.150.248.145,193-48-4250,
487,Luz,Kattenhorn,lkattenhorndi@ucoz.com,Female,119.186.96.18,626-50-6534,998-279-1018
488,Addie,Lawley,alawleydj@ox.ac.uk,Male,178.39.96.149,194-46-2588,751-496-7765
489,Uriah,Lasslett,ulasslettdk@china.com.cn,Male,155.154.144.133,148-86-3249,301-272-4302
490,Rawley,Geekie,rgeekiedl@ocn.ne.jp,Male,246.90.83.228,487-68-5883,693-639-5002
491,Levey,Hutsby,lhutsbydm@webnode.com,Male,221.49.20.130,459-68-0646,929-178-7371
492,Di,Moulsdall,dmoulsdalldn@sfgate.com,Female,110.219.16.227,307-87-1476,973-482-2566
493,Donna,Jelf,djelfdo@delicious.com,Female,248.112.244.139,489-25-9463,220-444-4167
494,Carolynn,Spadeck,cspadeckdp@quantcast.com,Female,234.244.255.81,574-48-8870,
495,Faustina,Dudlestone,fdudlestonedq@china.com.cn,Female,43.14.70.12,624-52-1121,642-123-3938
496,Ramon,Gelsthorpe,rgelsthorpedr@mapy.cz,Male,43.161.25.206,702-55-5944,165-905-1977
497,Hoebart,Sterry,hsterryds@ocn.ne.jp,Male,122.51.38.160,144-98-5754,427-563-8914
498,Kathi,Vaskov,kvaskovdt@merriam-webster.com,Female,225.177.145.18,642-09-0520,147-397-9304
499,Karim,Scarasbrick,kscarasbrickdu@freewebs.com,Male,1.74.153.179,534-66-8117,
500,Winn,Charleston,wcharlestondv@topsy.com,Male,211.65.196.101,483-31-8792,725-786-8706
501,Goldarina,Hedde,gheddedw@e-recht24.de,Female,116.69.32.97,517-02-0820,178-520-8009
502,Amara,Manicom,amanicomdx@youtube.com,Agender,129.116.251.218,301-12-0103,
503,Aubrette,Edlin,aedlindy@artisteer.com,Female,105.132.63.199,496-22-4056,886-215-6902
504,Timothy,Pippard,tpipparddz@nhs.uk,Male,171.133.16.187,858-35-9626,
505,Margarethe,Skarin,mskarine0@senate.gov,Female,23.214.160.133,528-42-1520,187-753-3853
506,Isabella,Gianotti,igianottie1@comcast.net,Female,165.66.123.63,492-59-4419,156-684-7433
507,Ingaborg,Mold,imolde2@archive.org,Female,15.138.49.138,471-47-5699,958-431-2007
508,Linnell,Hulks,lhulkse3@cbslocal.com,Female,236.155.2.196,841-61-8364,940-895-7989
509,Saul,Yerill,syerille4@wiley.com,Agender,78.16.62.102,357-65-6707,
510,Antoine,McGebenay,amcgebenaye5@dailymail.co.uk,Male,30.161.54.38,334-64-0999,828-387-6637
511,Cassy,Iskowicz,ciskowicze6@topsy.com,Female,209.92.106.229,569-32-1077,383-255-8713
512,Lexi,Radclyffe,lradclyffee7@va.gov,Female,160.249.55.181,791-45-9669,825-832-4544
513,Elita,Buckenhill,ebuckenhille8@yahoo.co.jp,Female,103.223.167.223,594-50-0735,943-563-5680
514,Hilliard,Von Der Empten,hvonderemptene9@washingtonpost.com,Male,54.231.3.4,812-55-3911,515-902-3395
515,Pace,Paunsford,ppaunsfordea@vinaora.com,Male,3.223.33.203,393-01-8449,
516,Sosanna,Latham,slathameb@auda.org.au,Female,102.255.123.248,674-66-1261,573-309-9740
517,Danice,Clayborn,dclaybornec@pcworld.com,Female,208.176.197.171,435-02-8828,
518,Ronalda,Opdenorth,ropdenorthed@1und1.de,Female,60.0.155.115,400-50-0985,578-192-1525
519,Nickola,Garard,ngarardee@mail.ru,Male,137.160.138.240,543-37-5370,187-434-6380
520,Ado,Hully,ahullyef@salon.com,Male,141.205.198.43,772-06-8420,601-420-8098
521,Jerad,Ulyat,julyateg@csmonitor.com,Male,240.215.223.130,284-99-0866,651-604-8477
522,Phillipe,Sealy,psealyeh@list-manage.com,Male,131.143.177.80,725-23-5313,756-268-2247
523,Ailene,Flaws,aflawsei@squidoo.com,Agender,128.211.47.117,197-55-8481,411-297-1600
524,Justino,Byrcher,jbyrcherej@a8.net,Male,163.217.3.44,110-03-7402,
525,Jamie,Kear,jkearek@adobe.com,Male,213.179.133.152,200-23-2697,
526,Rozanne,Giddy,rgiddyel@bandcamp.com,Bigender,213.109.5.205,227-16-7123,658-484-6542
527,Klarika,Ewer,kewerem@wikispaces.com,Agender,136.80.177.87,543-21-7850,643-311-0440
528,Roosevelt,Scottrell,rscottrellen@csmonitor.com,Male,7.11.4.111,624-54-4361,212-407-6435
529,Lyle,Dabrowski,ldabrowskieo@adobe.com,Male,238.42.214.237,717-13-8897,891-902-5220
530,Cointon,Dinnington,cdinningtonep@nih.gov,Male,10.73.114.218,269-81-5187,754-890-0663
531,Barry,Jotham,bjothameq@illinois.edu,Female,29.109.94.95,234-98-0914,624-130-4216
532,Herb,Pedrocchi,hpedrocchier@chicagotribune.com,Male,221.213.44.102,380-88-1112,576-907-8514
533,Emmaline,Tenman,etenmanes@last.fm,Female,183.51.151.200,871-38-5716,283-293-7750
534,Mendie,Phin,mphinet@blogspot.com,Male,180.50.201.206,564-90-4909,400-359-1693
535,May,Latus,mlatuseu@yahoo.com,Female,240.109.165.213,102-21-2650,159-118-8919
536,Lita,Matskevich,lmatskevichev@sogou.com,Female,55.215.20.52,318-73-1163,685-789-8460
537,Phillipe,Gudgeon,pgudgeonew@huffingtonpost.com,Non-binary,90.153.200.175,817-24-3727,287-898-0071
538,Rollins,Mitton,rmittonex@spotify.com,Male,89.49.76.188,120-06-7859,221-803-4120
539,Gale,Lathbury,glathburyey@taobao.com,Female,142.169.176.28,234-88-6049,
540,Rube,Keenlyside,rkeenlysideez@apple.com,Male,18.87.111.115,320-28-4877,880-519-6608
541,Blinni,Campbell-Dunlop,bcampbelldunlopf0@miitbeian.gov.cn,Female,35.195.185.247,805-72-9303,534-306-4207
542,Alessandra,Lowdiane,alowdianef1@answers.com,Female,61.83.233.146,274-74-3054,882-330-4556
543,Ketty,Bambrugh,kbambrughf2@hexun.com,Female,235.11.112.169,380-65-5854,
544,Clovis,Innocenti,cinnocentif3@latimes.com,Female,20.98.246.79,171-31-1050,920-215-4798
545,Eveline,Stoddard,estoddardf4@webnode.com,Female,24.100.67.117,608-36-7832,
546,Adams,Coldbathe,acoldbathef5@mtv.com,Male,107.192.120.194,784-13-5319,
547,Kalie,Ridhole,kridholef6@prweb.com,Genderfluid,232.67.23.60,579-35-3990,
548,Gail,Larmet,glarmetf7@utexas.edu,Bigender,109.110.50.33,721-30-2509,161-737-2534
549,Burl,Cicchelli,bcicchellif8@xing.com,Male,15.56.248.171,149-95-1473,
550,Modesta,Pardey,mpardeyf9@dyndns.org,Female,52.187.7.3,251-23-9335,
551,Vachel,Wagnerin,vwagnerinfa@privacy.gov.au,Male,92.2.114.177,162-71-5023,604-782-6405
552,Kimberlee,Natt,knattfb@comcast.net,Female,2.126.88.39,315-89-7969,567-913-8155
553,Freddy,Ivankovic,fivankovicfc@cafepress.com,Agender,154.147.174.0,144-12-8211,805-970-0113
554,Matthias,Yurkiewicz,myurkiewiczfd@amazon.de,Male,238.52.78.209,107-66-7969,544-345-4247
555,Janetta,Delacourt,jdelacourtfe@live.com,Female,216.136.174.211,637-36-0844,520-815-4758
556,Wallis,Danslow,wdanslowff@goo.gl,Female,81.144.51.12,714-13-7201,974-426-0853
557,Harmony,Vise,hvisefg@ftc.gov,Female,201.217.110.89,172-16-2705,280-549-8436
558,Winnie,Upham,wuphamfh@github.io,Female,74.28.220.228,605-71-8297,914-858-4075
559,Kevan,Barnicott,kbarnicottfi@house.gov,Male,100.90.7.197,728-91-8782,583-188-9692
560,Kerrie,Brayn,kbraynfj@mtv.com,Female,112.240.240.200,477-82-4257,923-570-6971
561,Giavani,Aspel,gaspelfk@nyu.edu,Male,142.52.55.69,566-72-7324,163-466-7802
562,Roderich,Scotney,rscotneyfl@themeforest.net,Male,131.235.201.205,623-49-1562,689-114-6364
563,Euphemia,Grodden,egroddenfm@sun.com,Female,132.13.8.176,573-47-6613,439-662-5069
564,Hercule,Meadley,hmeadleyfn@dedecms.com,Male,172.209.223.105,677-08-8806,694-818-1629
565,Sheff,Hunt,shuntfo@newyorker.com,Male,19.16.45.110,710-94-1685,294-578-2404
566,Tobi,Abbets,tabbetsfp@yelp.com,Female,206.133.247.238,402-69-3402,
567,King,Ellif,kelliffq@ezinearticles.com,Polygender,99.208.204.184,592-38-1270,522-141-4935
568,Tyler,Maystone,tmaystonefr@skype.com,Male,255.210.242.181,696-02-9210,
569,Trey,Hearsum,thearsumfs@hc360.com,Male,245.63.254.144,109-42-0461,230-940-3011
570,Fairfax,Batch,fbatchft@gov.uk,Male,255.236.30.217,152-98-0358,
571,Raynard,Cafferky,rcafferkyfu@samsung.com,Male,97.115.82.102,442-22-6455,579-102-7670
572,Allie,Kretchmer,akretchmerfv@tumblr.com,Female,130.133.201.110,526-45-8797,
573,Gearalt,MacAlpin,gmacalpinfw@yahoo.co.jp,Male,118.106.93.212,864-04-9973,275-786-8912
574,Austen,Glazier,aglazierfx@epa.gov,Male,52.41.85.234,271-76-9120,964-171-1041
575,Errol,Geratasch,egerataschfy@taobao.com,Male,139.133.155.97,452-95-9709,
576,Rene,Fretwell,rfretwellfz@newsvine.com,Male,143.232.29.205,518-75-7041,141-809-2362
577,Harriot,Bourton,hbourtong0@toplist.cz,Female,167.153.138.37,489-58-3663,718-266-2917
578,Forrest,Bletsoe,fbletsoeg1@timesonline.co.uk,Male,37.187.223.67,739-82-6526,832-236-1518
579,Imojean,Kemshell,ikemshellg2@yale.edu,Female,61.79.166.249,426-23-7761,893-846-4379
580,Heidi,Fawltey,hfawlteyg3@chronoengine.com,Female,144.105.236.33,138-70-4371,504-947-0267
581,Dominique,Barthelmes,dbarthelmesg4@twitter.com,Male,168.126.55.49,779-53-8440,794-351-7876
582,Flinn,Denholm,fdenholmg5@craigslist.org,Male,214.206.136.212,493-05-0944,
583,Dianemarie,Heindrick,dheindrickg6@theatlantic.com,Female,201.82.1.197,269-17-2859,145-335-9740
584,Lammond,Ottam,lottamg7@sbwire.com,Male,90.130.255.12,499-09-6607,965-385-3378
585,Haley,Urridge,hurridgeg8@dedecms.com,Female,198.80.98.218,659-33-2338,484-160-2764
586,Noe,Fleeman,nfleemang9@squarespace.com,Male,245.67.19.194,874-49-4108,
587,Claresta,Klaaasen,cklaaasenga@bloglines.com,Female,47.22.32.153,729-80-8938,
588,Pepe,Delahunty,pdelahuntygb@disqus.com,Male,156.53.114.44,526-06-5313,207-676-6593
589,Glenn,Sandys,gsandysgc@csmonitor.com,Male,13.142.47.161,671-71-0272,644-689-7269
590,Abbey,Borrie,aborriegd@slashdot.org,Genderfluid,209.203.109.123,444-22-9321,183-992-1822
591,Calhoun,Tresler,ctreslerge@sciencedirect.com,Male,171.81.192.249,305-87-3396,678-676-2672
592,Celka,Innett,cinnettgf@amazon.com,Female,118.158.244.201,355-20-8460,133-567-5895
593,Rosette,Boick,rboickgg@psu.edu,Female,180.158.239.94,525-01-8250,656-347-8678
594,Cozmo,Jankin,cjankingh@domainmarket.com,Male,191.73.37.255,667-69-5144,177-266-7979
595,Lizabeth,Lockart,llockartgi@shareasale.com,Female,52.218.63.106,315-29-1430,580-543-2432
596,Milissent,Brennand,mbrennandgj@facebook.com,Female,98.61.81.199,679-14-5292,810-322-8177
597,Maire,McGrotty,mmcgrottygk@ycombinator.com,Female,153.25.220.55,197-05-9715,427-799-6383
598,Owen,Balog,obaloggl@yale.edu,Male,91.223.120.43,270-35-0481,658-886-9371
599,Alister,Unthank,aunthankgm@discuz.net,Male,155.78.114.54,634-86-7981,282-215-9544
600,Hardy,Soggee,hsoggeegn@columbia.edu,Male,84.97.184.113,588-56-6979,566-933-6138
601,Gus,Hue,ghuego@google.co.jp,Bigender,202.167.177.89,114-50-7848,856-772-8976
602,Leese,Havis,lhavisgp@hp.com,Female,45.103.74.160,477-21-9531,700-751-8434
603,Henrik,Papaminas,hpapaminasgq@ibm.com,Non-binary,158.97.36.147,698-65-1333,
604,Bartolomeo,Filan,bfilangr@house.gov,Male,143.127.75.160,454-69-5271,859-689-8118
605,Isacco,Duffett,iduffettgs@house.gov,Male,240.103.223.146,441-53-7057,722-135-2107
606,Renate,Rattrie,rrattriegt@intel.com,Female,3.45.110.108,229-30-5517,843-711-3021
607,Adena,Fadden,afaddengu@whitehouse.gov,Female,59.135.184.0,417-14-3679,886-935-5190
608,Carly,Esmonde,cesmondegv@guardian.co.uk,Male,74.16.217.217,290-79-6888,180-406-1467
609,Waylon,Bridgland,wbridglandgw@dyndns.org,Male,30.126.228.184,822-71-1521,190-441-0377
610,Lexie,Sottell,lsottellgx@google.com.au,Female,141.201.241.86,838-38-7710,728-281-9588
611,Emmeline,Payfoot,epayfootgy@ask.com,Female,250.171.85.78,631-11-7657,176-748-0311
612,Bertie,Hacon,bhacongz@huffingtonpost.com,Female,84.119.206.150,641-65-4031,682-394-7051
613,Gordy,Joubert,gjouberth0@hhs.gov,Male,216.193.89.174,138-31-3321,216-356-5369
614,Lesya,Davidovitch,ldavidovitchh1@businesswire.com,Female,244.129.152.166,354-92-0372,696-524-5927
615,Uriah,Wixey,uwixeyh2@jiathis.com,Male,158.148.89.238,862-10-0822,815-817-7703
616,Renelle,Cocke,rcockeh3@deliciousdays.com,Female,241.106.90.214,203-30-0792,451-103-0694
617,Tersina,Jankovsky,tjankovskyh4@patch.com,Female,217.168.128.208,206-50-0793,
618,Fran,Dwine,fdwineh5@cam.ac.uk,Male,61.53.22.80,453-99-0372,705-633-3595
619,Debbie,Waye,dwayeh6@answers.com,Female,255.121.245.121,831-22-2695,954-829-4424
620,Godard,Whitmore,gwhitmoreh7@quantcast.com,Male,120.208.126.208,534-10-4628,175-710-4405
621,Katey,Teresi,kteresih8@sitemeter.com,Female,235.87.220.19,333-16-2414,909-167-6375
622,Kit,Collyear,kcollyearh9@bbb.org,Female,30.113.70.240,841-94-3150,938-527-6521
623,Rebbecca,MacLaughlin,rmaclaughlinha@wordpress.org,Female,63.86.39.237,201-63-4961,461-403-6275
624,Marvin,Bariball,mbariballhb@163.com,Male,237.237.169.1,355-64-0553,327-674-0094
625,Adore,Stembridge,astembridgehc@163.com,Female,250.143.80.184,719-65-3513,668-698-5493
626,Davin,Mucci,dmuccihd@dailymail.co.uk,Bigender,153.65.31.1,272-95-7941,805-374-2621
627,Paulie,Causby,pcausbyhe@webnode.com,Male,63.254.69.236,380-95-7311,253-187-4775
628,Claudell,Ulrik,culrikhf@tripod.com,Male,86.123.173.108,509-30-4986,
629,Aretha,Whistance,awhistancehg@addtoany.com,Female,123.84.237.186,238-09-5168,893-320-7500
630,Charis,Springthorp,cspringthorphh@earthlink.net,Female,193.200.169.25,463-72-9720,285-153-2994
631,Staford,Bromley,sbromleyhi@hibu.com,Male,155.253.224.125,363-05-7801,803-798-6959
632,Victoria,Halloran,vhalloranhj@linkedin.com,Female,40.189.220.243,737-53-7550,739-702-7387
633,Umeko,Northridge,unorthridgehk@nature.com,Female,160.103.217.235,543-76-0669,536-364-7373
634,Alvin,Hrinishin,ahrinishinhl@reference.com,Male,149.57.208.1,883-79-1661,727-315-3679
635,Bertha,Buddle,bbuddlehm@wikia.com,Female,55.228.109.149,698-30-0644,984-398-0026
636,Saraann,Thorogood,sthorogoodhn@economist.com,Female,88.27.242.200,853-66-9486,845-354-3708
637,Ariadne,Spinola,aspinolaho@tripod.com,Female,113.198.153.4,275-61-6711,
638,Reinhard,Doogue,rdooguehp@admin.ch,Male,253.54.49.166,570-46-3691,126-538-3959
639,Anneliese,Werndly,awerndlyhq@harvard.edu,Female,157.60.254.124,640-59-2645,459-845-1489
640,Kristos,O'Deoran,kodeoranhr@a8.net,Male,148.209.61.17,403-77-7275,
641,Maximilian,Beddin,mbeddinhs@time.com,Male,144.74.146.65,482-55-8380,146-959-5596
642,Alyda,Gerard,agerardht@si.edu,Female,121.219.62.76,731-87-5863,861-984-1962
643,Tedie,Le Marquis,tlemarquishu@ibm.com,Male,54.0.3.158,314-88-3301,165-153-7724
644,Dionis,Dubbin,ddubbinhv@toplist.cz,Female,38.35.242.26,154-60-7125,814-619-4547
645,Garvin,Weiner,gweinerhw@bbb.org,Male,199.194.26.176,524-28-7742,754-536-2789
646,Maxy,Clacson,mclacsonhx@google.pl,Female,163.77.83.142,584-03-6753,
647,Morgen,Buttfield,mbuttfieldhy@alibaba.com,Male,20.187.174.91,747-40-9437,238-869-4782
648,Devin,Kilalea,dkilaleahz@deviantart.com,Female,70.13.249.78,607-21-2795,944-238-2454
649,Tamara,Bebis,tbebisi0@fastcompany.com,Polygender,200.19.81.171,884-22-2302,672-882-4856
650,Miquela,Bickerdyke,mbickerdykei1@bbc.co.uk,Female,46.154.158.73,267-15-0132,716-612-0194
651,Millicent,Hounsom,mhounsomi2@virginia.edu,Female,149.126.54.182,199-90-5320,119-550-3217
652,Rudyard,Balsdone,rbalsdonei3@ezinearticles.com,Male,8.111.229.213,887-70-1259,574-525-7328
653,Fairfax,Wyllcock,fwyllcocki4@si.edu,Male,158.1.149.103,143-10-7435,888-132-1516
654,Shepherd,Dennidge,sdennidgei5@fc2.com,Male,40.74.237.240,770-02-2792,113-516-9034
655,Guendolen,Hurst,ghursti6@arizona.edu,Female,95.124.2.128,788-45-0831,824-801-4286
656,Kial,Haugen,khaugeni7@google.es,Female,241.50.116.198,700-13-6452,300-821-9117
657,Kathryn,Siddon,ksiddoni8@1688.com,Female,63.182.9.66,270-68-0791,314-552-9253
658,Leopold,Digan,ldigani9@imdb.com,Male,121.15.193.161,614-61-6342,501-953-3143
659,Lilas,Savatier,lsavatieria@blogtalkradio.com,Female,183.169.2.177,384-13-6947,142-557-0339
660,Caryl,De Roberto,cderobertoib@newsvine.com,Male,246.130.43.67,706-35-4428,178-560-2058
661,Lefty,Gerge,lgergeic@zimbio.com,Male,1.14.26.137,182-13-5320,
662,Fredia,Withringten,fwithringtenid@auda.org.au,Female,222.122.95.27,378-40-9345,912-281-3883
663,Camilla,Bick,cbickie@sciencedaily.com,Female,173.250.13.230,240-15-6744,957-838-4574
664,Cointon,O'Heneghan,coheneghanif@bloglines.com,Male,168.12.42.113,437-19-6029,992-424-9677
665,Town,Geerdts,tgeerdtsig@blogs.com,Male,219.198.94.74,896-06-3178,910-652-1347
666,Eve,Neumann,eneumannih@thetimes.co.uk,Female,68.130.43.53,497-31-1509,212-377-8972
667,Jewell,Iron,jironii@admin.ch,Female,201.237.35.190,185-13-8759,
668,Felicia,Stetson,fstetsonij@digg.com,Female,33.231.190.49,363-46-5979,395-381-1486
669,Charyl,Youles,cyoulesik@ask.com,Female,164.107.99.205,157-74-1603,412-176-4094
670,Darlleen,Vaskin,dvaskinil@simplemachines.org,Female,232.170.146.161,566-59-6421,
671,Flossie,Petzold,fpetzoldim@lulu.com,Female,66.231.33.70,252-31-7339,307-442-6334
672,Nicolea,Aves,navesin@jugem.jp,Female,187.214.254.217,753-17-2232,294-155-6777
673,Samara,Nano,snanoio@pcworld.com,Female,218.75.88.120,561-43-4081,694-217-7754
674,Gregorius,Verni,gverniip@reddit.com,Male,228.129.36.160,563-14-7757,998-512-3870
675,Ax,Goude,agoudeiq@people.com.cn,Male,190.19.53.54,372-45-7993,
676,Adria,Renackowna,arenackownair@last.fm,Female,149.91.157.55,432-37-4302,457-751-0629
677,Emelen,Hake,ehakeis@discovery.com,Male,156.249.62.121,226-92-2932,895-178-2843
678,Base,Fair,bfairit@springer.com,Male,246.17.86.142,511-08-6961,713-109-2834
679,Hersh,Resun,hresuniu@illinois.edu,Male,65.102.180.245,221-37-8150,
680,Peadar,Domanek,pdomanekiv@linkedin.com,Male,162.101.79.197,533-54-1096,906-343-6138
681,Auberon,Creeboe,acreeboeiw@cpanel.net,Male,194.138.149.90,227-31-1701,
682,Sidnee,Sedgebeer,ssedgebeerix@comsenz.com,Male,127.114.96.93,102-74-3529,465-158-7667
683,Brooks,Livzey,blivzeyiy@pen.io,Female,155.244.255.86,145-57-8194,541-505-5550
684,Toddy,Saill,tsailliz@de.vu,Non-binary,247.153.57.199,579-48-3206,675-112-7741
685,Freida,Bransom,fbransomj0@illinois.edu,Female,133.218.169.80,164-01-8886,599-793-6517
686,Dalila,Penvarden,dpenvardenj1@fastcompany.com,Female,229.35.167.172,646-40-4770,332-990-6880
687,Amalia,Arckoll,aarckollj2@spotify.com,Female,244.86.23.213,300-53-0391,163-692-0546
688,Aristotle,Gregg,agreggj3@sciencedirect.com,Male,49.61.154.71,873-82-1391,520-370-7128
689,Tedi,Wescott,twescottj4@accuweather.com,Female,10.125.151.243,471-55-6147,618-440-6838
690,Happy,Pile,hpilej5@paginegialle.it,Bigender,51.60.216.53,773-51-9569,448-495-6283
691,Gottfried,Tomczynski,gtomczynskij6@gizmodo.com,Male,226.33.194.235,799-74-3543,872-622-9127
692,Griffin,Petrovic,gpetrovicj7@cyberchimps.com,Male,123.235.82.240,276-38-9124,622-268-9515
693,Luciana,Loudian,lloudianj8@sun.com,Female,153.116.83.12,222-52-3437,137-694-8704
694,Dasie,Curmi,dcurmij9@gizmodo.com,Female,12.203.57.11,241-92-7562,473-374-2057
695,Angie,MacGoun,amacgounja@flavors.me,Female,59.184.22.40,617-72-9169,162-464-3809
696,Marquita,Alwell,malwelljb@flavors.me,Female,39.218.242.94,684-34-3696,901-330-5286
697,Jude,Clear,jclearjc@google.co.jp,Male,148.161.76.111,310-41-2879,792-776-1840
698,Gearalt,Wareham,gwarehamjd@squidoo.com,Male,231.250.234.23,559-53-7695,702-106-5734
699,Karlan,Letts,klettsje@baidu.com,Male,135.222.12.87,102-01-3406,257-433-2717
700,Viviene,Pervew,vpervewjf@github.io,Female,13.44.245.253,257-22-7987,806-127-5169
701,Dennie,Hastler,dhastlerjg@imgur.com,Male,101.176.197.240,662-04-1369,
702,Selina,Lavin,slavinjh@seattletimes.com,Female,249.250.104.142,746-41-2934,461-213-1230
703,Margareta,Tidey,mtideyji@zimbio.com,Female,29.80.33.59,255-37-1316,539-675-5110
704,Biron,Camamill,bcamamilljj@wordpress.org,Male,171.122.114.96,489-92-1899,483-908-4736
705,Dorri,Sydry,dsydryjk@state.tx.us,Polygender,173.124.200.248,179-98-9077,
706,Teddie,Ambrus,tambrusjl@redcross.org,Male,211.216.63.8,212-24-5038,148-927-2613
707,Holli,Yude,hyudejm@cbslocal.com,Female,134.111.251.9,703-98-2142,902-215-1192
708,Harriott,Pennoni,hpennonijn@nps.gov,Female,135.220.250.180,173-30-9864,
709,Sigmund,Morter,smorterjo@foxnews.com,Male,0.91.180.125,341-40-1522,718-603-2068
710,Marga,McKibben,mmckibbenjp@springer.com,Female,215.12.126.90,746-68-3940,700-558-7627
711,Tedman,Hannah,thannahjq@dot.gov,Male,161.4.239.30,559-73-4509,594-488-6877
712,Charil,Inderwick,cinderwickjr@oracle.com,Female,0.202.131.168,175-36-9394,599-240-8453
713,Eddie,Parcall,eparcalljs@wordpress.com,Female,134.249.214.94,337-32-9355,
714,Dalia,Mottinelli,dmottinellijt@discuz.net,Bigender,113.103.254.183,326-21-3759,725-278-8229
715,Jarvis,Ratcliff,jratcliffju@prlog.org,Male,13.66.99.173,120-79-3090,498-238-8929
716,Caldwell,Weddeburn,cweddeburnjv@statcounter.com,Male,180.168.120.170,259-49-3670,
717,Clarinda,Lorincz,clorinczjw@forbes.com,Agender,198.86.29.173,499-41-8770,703-638-0135
718,Ray,Pouck,rpouckjx@google.com.hk,Male,211.23.182.70,719-73-6141,180-341-1782
719,Ailee,Taggerty,ataggertyjy@ehow.com,Female,118.155.6.140,457-21-5753,265-948-6493
720,Dido,Jagg,djaggjz@biblegateway.com,Female,174.93.154.53,236-84-8885,720-849-0223
721,Bryce,Glanders,bglandersk0@over-blog.com,Male,212.114.96.251,592-50-8735,851-510-7689
722,Boot,McGeechan,bmcgeechank1@trellian.com,Male,215.228.163.244,462-64-3629,817-497-7287
723,Wright,Doles,wdolesk2@indiatimes.com,Male,151.136.205.83,288-32-5293,
724,Corrianne,Thirlwall,cthirlwallk3@bloglovin.com,Genderqueer,185.182.65.181,831-44-0818,850-610-4774
725,Keslie,Grimsditch,kgrimsditchk4@furl.net,Female,213.148.5.13,523-97-6535,249-602-2574
726,Connor,Geikie,cgeikiek5@youtu.be,Male,104.210.191.209,288-51-1003,817-158-4777
727,Egon,Aidler,eaidlerk6@infoseek.co.jp,Male,15.78.129.155,332-54-9922,799-163-3492
728,Damian,O'Keenan,dokeenank7@nifty.com,Male,154.123.145.206,278-11-2376,
729,Bennie,O'Sherrin,bosherrink8@tamu.edu,Female,75.210.199.134,561-66-9155,333-236-8678
730,Cati,Need,cneedk9@people.com.cn,Female,226.129.204.33,387-82-0511,
731,Devonna,Aggett,daggettka@istockphoto.com,Female,62.151.196.235,120-59-2311,796-915-9714
732,Luciano,Towson,ltowsonkb@google.cn,Male,138.76.12.50,441-92-2944,453-653-8140
733,Blaire,Harniman,bharnimankc@sphinn.com,Female,202.140.220.14,327-05-8044,
734,Kaiser,Sayburn,ksayburnkd@virginia.edu,Male,217.112.2.133,541-53-0137,921-424-4826
735,Pauly,Stother,pstotherke@dmoz.org,Agender,187.25.101.102,540-97-7714,
736,Rosalinde,Petrello,rpetrellokf@weibo.com,Female,79.80.111.109,752-03-7806,253-990-9389
737,Myrtice,Hollier,mhollierkg@digg.com,Female,215.70.120.212,587-93-0497,684-183-3651
738,Waring,Joule,wjoulekh@hc360.com,Male,145.17.243.138,177-24-1829,722-311-6972
739,Morly,Mandell,mmandellki@theatlantic.com,Male,244.121.73.2,700-89-4278,
740,Lula,Mardall,lmardallkj@mashable.com,Non-binary,133.169.68.83,888-76-3945,690-368-8530
741,Adela,Leebeter,aleebeterkk@gov.uk,Female,120.150.251.77,743-20-7195,
742,Darbee,MacCarter,dmaccarterkl@tinypic.com,Male,9.43.80.232,558-89-4852,
743,Anthea,Aaron,aaaronkm@examiner.com,Genderfluid,19.12.14.152,122-93-5870,
744,Claudia,Colquite,ccolquitekn@cnbc.com,Female,184.65.90.122,760-44-9161,389-619-9352
745,Crissie,Creddon,ccreddonko@pagesperso-orange.fr,Female,252.201.31.174,587-36-0554,688-115-1814
746,Auroora,Shelmardine,ashelmardinekp@nifty.com,Female,74.206.151.55,769-36-7233,800-862-5590
747,Jackson,Fuidge,jfuidgekq@shareasale.com,Male,242.234.189.96,700-28-2391,707-373-8623
748,Derick,Robic,drobickr@huffingtonpost.com,Male,168.142.130.49,865-13-0398,267-660-3488
749,Meridith,Bowdler,mbowdlerks@imageshack.us,Polygender,139.166.14.242,690-81-3722,880-443-0369
750,Shelagh,Forsey,sforseykt@altervista.org,Female,17.66.177.224,225-69-4025,293-287-3247
751,Gregg,Wiltshire,gwiltshireku@w3.org,Male,132.95.116.104,382-73-4416,238-487-7714
752,Winna,Scroxton,wscroxtonkv@comsenz.com,Female,102.27.218.229,868-74-5948,331-793-0703
753,Delilah,Beckley,dbeckleykw@last.fm,Female,66.1.90.51,512-34-5744,513-954-9925
754,Zollie,Markl,zmarklkx@purevolume.com,Male,126.111.153.54,811-94-0939,949-838-2429
755,Sophey,Skitterel,sskitterelky@accuweather.com,Female,76.140.176.215,326-56-2503,799-599-9312
756,Lona,Ahren,lahrenkz@feedburner.com,Female,123.7.56.101,485-37-3172,121-181-8943
757,Cyrillus,Leckenby,cleckenbyl0@latimes.com,Male,199.120.253.3,758-36-6437,408-679-0625
758,Karlens,McIlwreath,kmcilwreathl1@spiegel.de,Male,149.1.70.202,653-75-8068,985-514-6982
759,Boy,Pucknell,bpucknelll2@eventbrite.com,Male,125.244.17.211,372-68-1919,252-499-4032
760,Brewer,Bothram,bbothraml3@sbwire.com,Male,226.106.45.161,700-42-7009,263-191-4323
761,Iormina,Bonnell,ibonnelll4@pcworld.com,Female,226.58.76.140,383-58-6508,384-331-5397
762,Daryle,Fattore,dfattorel5@ted.com,Genderfluid,229.184.128.229,246-57-0931,902-762-3863
763,Lorelle,Brevetor,lbrevetorl6@opensource.org,Female,220.223.227.2,205-76-6423,334-997-5298
764,Lynea,Brauns,lbraunsl7@google.com,Female,140.21.25.187,874-59-4283,
765,Alfreda,Loney,aloneyl8@ucsd.edu,Female,78.158.138.188,602-82-6079,869-990-1854
766,Lanae,Crayker,lcraykerl9@fema.gov,Female,222.201.225.13,515-08-9152,924-430-7411
767,Hobard,Saxon,hsaxonla@nifty.com,Male,65.235.34.132,649-94-3958,820-866-6807
768,Thedric,Morfell,tmorfelllb@typepad.com,Male,249.157.253.33,846-55-0652,663-260-3064
769,Sara,Keesman,skeesmanlc@bluehost.com,Female,2.217.246.237,156-44-8824,907-352-4772
770,Wilona,Blumer,wblumerld@yahoo.com,Female,25.110.45.234,633-15-0099,530-267-7005
771,Barney,Vonasek,bvonasekle@epa.gov,Male,99.238.245.58,101-58-4186,492-823-7201
772,Kathleen,Meriot,kmeriotlf@zimbio.com,Female,128.24.195.120,786-79-6365,230-953-1923
773,Maye,Kryszka,mkryszkalg@engadget.com,Female,53.151.69.82,534-75-5234,
774,Bradney,Parrett,bparrettlh@google.pl,Male,55.161.188.72,317-09-5134,202-877-4758
775,Aimee,Roseman,arosemanli@qq.com,Female,57.184.66.86,239-79-0070,609-929-9327
776,Auroora,Pesic,apesiclj@loc.gov,Female,11.134.4.185,787-57-6177,
777,Heindrick,Tsarovic,htsaroviclk@youku.com,Male,42.203.115.105,861-02-4237,904-256-2091
778,Wilt,Andrieu,wandrieull@utexas.edu,Male,140.47.109.52,333-66-9754,255-588-6779
779,Dyana,Branni,dbrannilm@vkontakte.ru,Genderqueer,221.0.139.58,814-86-5609,264-405-9063
780,Querida,Legg,qleggln@sciencedirect.com,Female,83.150.196.56,878-27-3918,882-654-3682
781,Katuscha,Dibson,kdibsonlo@dell.com,Genderqueer,50.133.30.148,156-80-7056,205-898-9080
782,Lilas,Pull,lpulllp@dyndns.org,Female,55.95.244.246,289-18-0349,
783,Lucine,Euels,leuelslq@google.ru,Genderfluid,241.20.159.247,868-34-8815,818-523-1632
784,Karla,Dyka,kdykalr@guardian.co.uk,Female,190.129.85.146,543-43-5802,757-326-5708
785,Timmy,Miskelly,tmiskellyls@jiathis.com,Male,218.184.62.78,323-46-3595,811-122-3160
786,Paton,Turvie,pturvielt@google.co.uk,Male,119.17.51.176,387-67-8047,221-220-0547
787,Dell,Denzey,ddenzeylu@fema.gov,Male,74.60.190.61,808-71-6645,
788,Dulcea,Von Brook,dvonbrooklv@ibm.com,Female,90.107.126.19,341-12-7983,120-379-5991
789,Marys,Scneider,mscneiderlw@dion.ne.jp,Female,150.124.86.145,673-86-0470,880-506-4220
790,Juanita,Bennike,jbennikelx@spiegel.de,Female,229.136.247.42,649-39-2280,592-791-5787
791,Jewell,Clarae,jclaraely@opensource.org,Female,78.244.25.128,347-92-4712,696-634-3122
792,Pris,Pateman,ppatemanlz@timesonline.co.uk,Female,15.119.36.53,570-12-2169,133-807-2710
793,Hussein,Mabb,hmabbm0@github.com,Male,48.108.93.94,575-97-4940,745-559-7524
794,Saunders,Featherstonehaugh,sfeatherstonehaughm1@google.es,Male,208.70.242.91,818-30-7460,303-280-1125
795,Nealon,Baudou,nbaudoum2@bravesites.com,Male,193.119.246.192,234-12-0230,784-276-5394
796,Salmon,Sives,ssivesm3@independent.co.uk,Male,68.103.35.30,534-85-7977,659-529-5892
797,Blair,Pentony,bpentonym4@infoseek.co.jp,Male,224.102.80.57,762-36-5556,674-829-8464
798,Leilah,Batchelder,lbatchelderm5@craigslist.org,Female,184.244.250.191,849-55-0003,316-801-3522
799,Rubi,MacAndie,rmacandiem6@mapy.cz,Non-binary,2.204.130.124,833-96-1242,567-599-1067
800,Kristen,Faragan,kfaraganm7@shareasale.com,Female,7.192.106.229,872-80-9763,129-980-6992
801,Peter,Yancey,pyanceym8@cdbaby.com,Male,118.133.19.61,805-81-4686,
802,Terrell,Lilian,tlilianm9@goo.ne.jp,Male,86.165.248.245,552-97-8511,526-162-7036
803,Amii,Waith,awaithma@360.cn,Female,122.119.201.172,159-28-7290,
804,Didi,Bothram,dbothrammb@ustream.tv,Female,53.131.68.48,228-87-9521,375-561-5075
805,Shurwood,Mattys,smattysmc@rambler.ru,Male,114.29.177.104,512-03-3563,939-477-2642
806,Augusta,Itzchaki,aitzchakimd@reverbnation.com,Female,163.104.255.73,705-73-0861,374-660-5905
807,Shoshanna,Corstan,scorstanme@guardian.co.uk,Female,133.119.123.118,409-21-1013,951-699-8434
808,Kacie,Domanski,kdomanskimf@cocolog-nifty.com,Female,242.40.216.37,754-61-6675,
809,Padgett,Mortimer,pmortimermg@cocolog-nifty.com,Male,200.252.170.170,636-26-8726,783-495-7088
810,Archaimbaud,Gower,agowermh@newsvine.com,Male,142.172.173.68,564-45-3679,
811,Joachim,Aimeric,jaimericmi@friendfeed.com,Male,1.175.48.224,367-78-2261,798-512-6228
812,Kassandra,Cadle,kcadlemj@cyberchimps.com,Female,239.116.24.248,304-01-8891,
813,Jedd,Harragin,jharraginmk@dailymail.co.uk,Polygender,148.250.171.22,399-24-3269,
814,Kesley,Immings,kimmingsml@chicagotribune.com,Female,99.26.166.23,301-27-0717,952-264-9641
815,Nicolette,Acres,nacresmm@desdev.cn,Female,223.110.32.249,697-91-0588,207-185-7539
816,Rorke,Birdis,rbirdismn@who.int,Male,24.34.170.45,780-56-5880,465-795-8131
817,Dene,Prantoni,dprantonimo@illinois.edu,Male,109.41.11.29,550-29-3748,156-458-6729
818,Bibbie,Steffans,bsteffansmp@dot.gov,Non-binary,180.212.51.158,256-77-5175,363-918-5124
819,Jonathon,Cremin,jcreminmq@time.com,Male,16.26.182.102,554-26-0616,127-292-0728
820,Jordan,Clemon,jclemonmr@harvard.edu,Male,30.1.152.143,402-49-9841,929-941-5599
821,Chloris,Ogelsby,cogelsbyms@google.com.au,Female,32.97.247.56,534-70-5202,978-875-2609
822,Isidore,Glasgow,iglasgowmt@homestead.com,Male,191.147.112.71,367-77-3128,122-466-0569
823,Van,Charon,vcharonmu@prnewswire.com,Agender,249.141.228.16,633-49-4920,805-729-9080
824,Sibyl,Joye,sjoyemv@dailymail.co.uk,Male,120.157.219.38,551-86-1994,122-198-2707
825,Hamlen,Stubbeley,hstubbeleymw@github.io,Male,22.38.20.198,438-12-9255,
826,Clair,Palser,cpalsermx@ameblo.jp,Female,34.208.33.70,547-08-9040,986-428-3089
827,Carlin,Ship,cshipmy@typepad.com,Male,183.108.228.177,264-31-9920,
828,Christiano,Apdell,capdellmz@sfgate.com,Male,220.50.2.23,347-25-4368,846-567-6665
829,Tedd,Savell,tsavelln0@t.co,Male,130.108.94.52,716-31-8940,582-348-5129
830,Niven,Harrad,nharradn1@google.com.hk,Male,83.80.55.151,817-83-9993,
831,Reeva,O'Keeffe,rokeeffen2@forbes.com,Female,106.119.43.84,450-25-9482,734-525-9899
832,Jermaine,Scotchbrook,jscotchbrookn3@sfgate.com,Female,189.10.198.165,792-88-3485,930-545-7523
833,Dex,Varney,dvarneyn4@seattletimes.com,Male,145.110.89.58,187-44-2558,316-392-9157
834,Diandra,Fairnie,dfairnien5@baidu.com,Female,238.167.138.152,355-98-5405,947-459-2645
835,Jude,Harrill,jharrilln6@washingtonpost.com,Male,109.207.167.16,466-77-1957,342-547-4397
836,Chloris,Attwater,cattwatern7@cpanel.net,Genderqueer,119.80.202.159,132-95-4524,253-785-0410
837,Geoffry,Hughill,ghughilln8@nydailynews.com,Male,138.14.227.114,221-26-2980,316-151-9007
838,Lissi,Lorans,lloransn9@zdnet.com,Female,47.183.45.26,257-68-1184,361-580-2218
839,Leif,Drewe,ldrewena@so-net.ne.jp,Male,104.52.234.14,582-73-8612,247-609-5963
840,Doy,Valerio,dvalerionb@topsy.com,Male,36.213.147.191,498-36-6156,899-615-1398
841,Holly,Impey,himpeync@hexun.com,Male,98.249.22.27,804-90-2254,131-931-3052
842,Darill,Daughtery,ddaughterynd@over-blog.com,Bigender,138.86.240.136,821-78-3957,679-365-3366
843,Annetta,Crosseland,acrosselandne@bbb.org,Female,193.79.43.242,596-61-5448,931-149-5890
844,Rosaleen,MacAvddy,rmacavddynf@ustream.tv,Female,134.247.111.39,733-65-3812,
845,Roseann,Carrabott,rcarrabottng@msu.edu,Female,14.92.197.128,648-52-9304,590-693-7770
846,Drusie,Bernath,dbernathnh@epa.gov,Female,88.103.198.218,401-44-2403,344-140-9000
847,Romain,Guenther,rguentherni@marketwatch.com,Male,150.153.180.83,567-39-1900,856-240-1083
848,Bartholomew,Swann,bswannnj@twitpic.com,Male,211.16.185.86,480-74-0643,851-175-4637
849,Josselyn,Sergean,jsergeannk@bigcartel.com,Female,206.175.243.231,401-99-0040,241-501-1388
850,Gaylord,Sterzaker,gsterzakernl@hhs.gov,Male,37.47.177.116,476-12-8036,994-318-2253
851,Clint,Arlet,carletnm@psu.edu,Male,198.1.94.57,328-38-0784,137-866-7902
852,De witt,Knighton,dknightonnn@gravatar.com,Male,211.23.131.152,712-43-0939,195-683-4846
853,Aland,Deverill,adeverillno@goodreads.com,Male,153.59.74.235,257-94-5615,194-387-0720
854,Margo,Berkery,mberkerynp@craigslist.org,Genderfluid,209.204.155.143,123-10-1872,914-491-9717
855,Lilyan,Bernaciak,lbernaciaknq@yolasite.com,Female,185.155.41.223,693-66-7907,403-291-9519
856,Tobey,Myford,tmyfordnr@vinaora.com,Female,157.59.124.165,245-40-9518,484-323-5725
857,Vail,Shanahan,vshanahanns@cloudflare.com,Male,26.94.31.178,390-17-2937,834-366-6526
858,Magda,Kegg,mkeggnt@columbia.edu,Female,156.151.232.125,442-32-7707,187-180-5807
859,Yurik,Manginot,ymanginotnu@plala.or.jp,Male,140.162.242.132,232-02-6063,
860,Aveline,Sylvester,asylvesternv@360.cn,Female,13.61.238.140,274-84-5032,737-144-4739
861,Kristien,Ankers,kankersnw@blogspot.com,Female,175.126.22.132,383-76-2731,441-291-1979
862,Garry,Ambrodi,gambrodinx@eventbrite.com,Male,112.72.104.60,446-98-5448,271-781-2262
863,Shalne,Lampard,slampardny@home.pl,Female,226.135.143.224,139-38-5090,
864,Etienne,Balassi,ebalassinz@issuu.com,Male,32.160.66.13,747-22-5111,206-796-6660
865,Everard,Doerren,edoerreno0@ft.com,Male,35.114.245.77,848-10-7098,445-837-7725
866,Devora,Pallister,dpallistero1@live.com,Bigender,175.79.27.202,359-19-3166,285-624-9814
867,Rica,Styant,rstyanto2@blinklist.com,Female,166.28.76.170,879-81-7639,307-732-0566
868,Bella,Redsall,bredsallo3@nsw.gov.au,Female,93.200.173.127,823-90-9866,586-276-9485
869,Dom,Raeburn,draeburno4@163.com,Male,119.150.73.220,191-57-4414,301-485-3203
870,Lanie,Lawman,llawmano5@about.com,Bigender,51.173.201.238,150-31-3560,
871,Norby,Filkov,nfilkovo6@economist.com,Male,176.176.12.234,877-33-2640,939-359-8321
872,Brunhilda,Glaysher,bglayshero7@gravatar.com,Female,206.210.106.136,367-99-0343,154-635-5010
873,Herve,Christiensen,hchristienseno8@sun.com,Male,218.111.35.55,264-79-2597,847-397-2047
874,Gerard,Nerval,gnervalo9@lycos.com,Male,104.7.165.84,194-94-7303,669-948-0647
875,Micki,Bushill,mbushilloa@umich.edu,Female,69.87.101.19,892-83-3432,668-714-9266
876,Christen,Comins,ccominsob@e-recht24.de,Genderfluid,140.23.80.174,419-27-0091,
877,Welby,Negro,wnegrooc@addtoany.com,Male,90.53.255.200,529-10-9443,319-336-7882
878,Rusty,Goodding,rgooddingod@prweb.com,Male,209.89.217.107,791-89-0250,968-754-2113
879,Britni,Mawditt,bmawdittoe@imdb.com,Female,191.191.99.236,671-96-3297,
880,Wilie,Coldham,wcoldhamof@fastcompany.com,Female,223.74.186.35,314-11-9338,381-708-1954
881,Teddi,Dowyer,tdowyerog@sogou.com,Female,222.191.222.132,630-62-1531,198-315-8981
882,Carmelle,Sawyers,csawyersoh@blogger.com,Genderqueer,66.158.0.147,470-01-5842,295-988-3148
883,Nicki,Draper,ndraperoi@nature.com,Female,89.210.170.28,484-63-0323,358-700-6341
884,Beverlee,Greatrakes,bgreatrakesoj@un.org,Female,248.0.115.247,299-61-4242,442-592-4246
885,Nickie,Billion,nbillionok@eepurl.com,Genderqueer,232.64.242.110,891-06-5379,557-934-0395
886,Sophia,Dulen,sdulenol@livejournal.com,Female,200.33.70.101,607-04-1039,
887,Ferdie,Yerrall,fyerrallom@edublogs.org,Male,62.185.172.169,381-30-7483,119-219-9053
888,Edmon,Haverty,ehavertyon@yellowpages.com,Male,177.32.244.18,393-55-2494,205-578-9476
889,Inna,Dinsell,idinselloo@google.com,Female,76.105.27.205,188-13-3822,838-124-4465
890,Rosetta,Nesbeth,rnesbethop@networksolutions.com,Female,209.130.2.114,104-41-4319,120-437-3515
891,Dorice,Kinnear,dkinnearoq@github.com,Female,87.120.154.192,623-64-3860,447-210-4245
892,Paxon,Fison,pfisonor@ask.com,Male,181.45.171.101,711-40-9734,702-917-7653
893,Ernaline,Hanratty,ehanrattyos@google.ru,Female,29.248.169.55,577-82-1792,670-217-5075
894,Kermie,O'Lynn,kolynnot@biglobe.ne.jp,Male,220.225.165.152,302-13-2393,461-388-2118
895,Margi,Heading,mheadingou@odnoklassniki.ru,Female,169.227.125.49,432-94-4895,
896,Buffy,Joanic,bjoanicov@mapy.cz,Female,147.17.151.239,593-08-9405,
897,Miller,Peschmann,mpeschmannow@joomla.org,Male,126.30.253.223,319-84-3687,764-133-6914
898,Mart,Brockett,mbrockettox@princeton.edu,Male,237.155.251.202,558-59-9327,147-817-3709
899,Zola,Alliband,zallibandoy@tmall.com,Female,23.91.80.98,717-94-7181,359-153-9763
900,Gaelan,Campione,gcampioneoz@theatlantic.com,Male,243.3.115.72,263-21-4340,618-419-0275
901,Gilberte,Romaynes,gromaynesp0@edublogs.org,Female,215.151.10.32,301-01-7705,
902,Siobhan,Densham,sdenshamp1@hhs.gov,Female,189.45.172.7,190-66-0395,697-535-8679
903,Gus,Ellwell,gellwellp2@odnoklassniki.ru,Female,251.190.231.91,328-90-2842,353-132-4125
904,Baryram,Dendle,bdendlep3@pinterest.com,Male,5.78.100.186,579-62-9863,441-524-3624
905,Allix,Gidden,agiddenp4@ed.gov,Female,207.126.18.126,266-64-6859,530-818-5708
906,Maren,Arpe,marpep5@cpanel.net,Female,39.212.120.109,751-15-8160,778-822-8280
907,Ree,Braban,rbrabanp6@latimes.com,Female,16.32.5.233,235-83-0210,948-724-7408
908,Laird,Poinsett,lpoinsettp7@geocities.com,Male,65.250.154.214,386-46-0601,755-394-3351
909,Lewes,Lohmeyer,llohmeyerp8@edublogs.org,Male,150.251.173.149,455-24-9297,690-602-6528
910,Stephani,Vlasyev,svlasyevp9@wufoo.com,Female,201.113.117.221,362-09-7787,980-126-8262
911,Richie,Jandak,rjandakpa@netlog.com,Male,185.133.223.210,790-68-9836,804-259-7626
912,Huey,Crich,hcrichpb@cyberchimps.com,Male,139.57.1.220,171-04-3282,456-889-5871
913,Patsy,Deary,pdearypc@usnews.com,Male,120.253.204.80,378-32-4794,576-112-4669
914,Kale,Neylon,kneylonpd@chron.com,Male,164.69.159.37,156-71-2617,244-735-6774
915,Marie,Greder,mgrederpe@marriott.com,Female,122.81.239.38,217-44-4991,480-263-2552
916,Reiko,Sherland,rsherlandpf@cdbaby.com,Female,52.12.17.35,348-63-4600,251-643-6643
917,Aggy,Gianulli,agianullipg@seesaa.net,Female,214.76.120.219,256-07-7668,
918,Mary,Fritter,mfritterph@123-reg.co.uk,Female,94.24.155.140,533-53-5709,534-752-6269
919,Albertine,Buglar,abuglarpi@bloglines.com,Female,65.227.249.137,831-34-6685,495-671-9387
920,Jacinthe,Fanthom,jfanthompj@friendfeed.com,Female,30.183.136.189,880-02-5480,204-567-3428
921,Jannel,Marklund,jmarklundpk@japanpost.jp,Genderfluid,43.106.0.61,865-69-1228,457-367-3160
922,Gawain,Boribal,gboribalpl@last.fm,Male,71.71.194.36,603-08-5551,462-364-2438
923,Simmonds,Jean,sjeanpm@pbs.org,Male,8.249.60.75,325-14-2918,704-269-6474
924,Vallie,Obal,vobalpn@cafepress.com,Female,141.78.72.229,120-21-7670,236-115-5046
925,Smith,Thormann,sthormannpo@sitemeter.com,Male,248.116.206.49,344-90-8005,465-802-5327
926,Tessie,Lindegard,tlindegardpp@ocn.ne.jp,Female,70.241.105.116,354-66-6278,271-908-5095
927,Anabal,Hewell,ahewellpq@gizmodo.com,Female,186.149.114.129,859-59-0952,588-320-4072
928,Simmonds,Tuppeny,stuppenypr@edublogs.org,Male,179.61.232.113,769-20-3800,742-198-5878
929,Josey,Traite,jtraiteps@uol.com.br,Female,162.25.109.100,202-35-2383,993-341-2391
930,Lucilia,Glenwright,lglenwrightpt@ed.gov,Female,101.183.226.187,201-15-9755,
931,Reinaldos,Niaves,rniavespu@walmart.com,Male,36.94.251.125,747-82-5728,129-142-0078
932,Cobbie,Lugton,clugtonpv@tmall.com,Male,83.32.218.77,410-39-6294,552-706-5521
933,Florella,Spaight,fspaightpw@msn.com,Female,86.45.177.227,702-62-4751,136-306-3850
934,Evangelia,Helix,ehelixpx@360.cn,Polygender,0.233.183.253,885-85-9197,864-239-7704
935,Chrissie,Hiorn,chiornpy@usgs.gov,Female,39.99.57.84,161-54-0419,776-945-8491
936,Amelie,Strutt,astruttpz@naver.com,Female,245.172.104.193,295-42-7237,583-122-1767
937,Malina,Dorgon,mdorgonq0@census.gov,Agender,101.76.111.206,747-56-1672,481-303-1511
938,Cherrita,Malling,cmallingq1@dedecms.com,Female,155.136.196.98,818-11-5121,810-963-3763
939,Rozanne,Braidman,rbraidmanq2@abc.net.au,Female,199.19.175.34,208-81-4445,191-256-4374
940,Zed,Prujean,zprujeanq3@mediafire.com,Polygender,43.29.131.217,881-82-5133,670-235-6118
941,Hans,Lewington,hlewingtonq4@reuters.com,Male,31.156.30.19,478-95-1385,212-855-0749
942,Shannon,Kopfer,skopferq5@netscape.com,Female,96.215.81.26,541-02-5446,564-889-6205
943,Donetta,Bernollet,dbernolletq6@typepad.com,Female,26.216.17.32,367-52-5944,393-147-9912
944,Dolph,Silkston,dsilkstonq7@economist.com,Male,76.80.22.149,360-57-9475,562-141-6819
945,Amos,Banasiak,abanasiakq8@vkontakte.ru,Male,40.208.111.67,373-83-5080,814-120-2857
946,Sollie,Skyner,sskynerq9@xrea.com,Polygender,237.184.188.223,360-97-7487,486-794-7608
947,Dietrich,Sproston,dsprostonqa@elegantthemes.com,Male,70.228.52.113,155-02-0499,
948,Heinrick,Proudman,hproudmanqb@ca.gov,Male,7.245.140.250,794-34-5681,
949,Melamie,Medd,mmeddqc@japanpost.jp,Female,179.7.189.218,560-91-7191,184-837-9228
950,Windy,Pinor,wpinorqd@newyorker.com,Female,177.132.244.226,766-69-9172,886-295-9333
951,Dagny,McClary,dmcclaryqe@a8.net,Male,119.254.152.19,657-21-6752,459-904-9738
952,Samaria,Taffe,staffeqf@china.com.cn,Female,232.88.159.97,765-99-6974,
953,Ettore,Bachshell,ebachshellqg@yolasite.com,Male,164.148.73.215,232-79-4867,400-572-8021
954,Fredericka,Danbury,fdanburyqh@redcross.org,Female,183.96.170.172,644-22-5670,921-458-2201
955,Nappy,Titt,ntittqi@networkadvertising.org,Male,187.32.77.44,141-33-2472,353-260-4015
956,Tatiania,Bartocci,tbartocciqj@thetimes.co.uk,Female,102.237.204.43,802-12-5607,444-777-4136
957,Gun,Wonfor,gwonforqk@nymag.com,Genderfluid,20.65.85.237,121-75-8377,
958,Osbert,Markham,omarkhamql@webmd.com,Male,17.179.127.189,655-19-8471,757-512-1250
959,Tuesday,Ciotti,tciottiqm@goodreads.com,Female,100.142.44.4,551-94-2234,266-817-8498
960,Shel,Serrell,sserrellqn@statcounter.com,Female,111.189.239.40,841-97-9058,421-128-1552
961,Winny,Robertsson,wrobertssonqo@xinhuanet.com,Male,160.235.40.14,795-37-8461,829-585-8692
962,Myrwyn,Spurdens,mspurdensqp@marketwatch.com,Male,38.26.160.31,240-37-8907,460-527-7539
963,Karlis,Deverill,kdeverillqq@latimes.com,Male,217.28.21.84,474-98-9664,220-428-4556
964,Emmanuel,Lemerie,elemerieqr@miitbeian.gov.cn,Male,195.225.131.223,330-60-2375,377-188-6622
965,Konrad,Aggs,kaggsqs@tinypic.com,Male,188.180.138.235,526-16-3541,540-581-4958
966,Mendy,Checchi,mchecchiqt@last.fm,Male,168.226.108.41,846-61-6179,861-231-4618
967,Skye,Lasselle,slassellequ@unblog.fr,Male,167.170.42.192,400-59-5755,890-281-1103
968,Lisa,Swatheridge,lswatheridgeqv@harvard.edu,Genderqueer,35.196.222.113,660-44-8112,898-730-4007
969,Carin,Mathieson,cmathiesonqw@walmart.com,Female,90.247.152.193,175-69-1481,817-494-3920
970,Corby,Saywood,csaywoodqx@nba.com,Male,0.110.156.103,151-66-2564,653-750-8914
971,Patrizia,Cressingham,pcressinghamqy@biglobe.ne.jp,Female,79.77.41.35,834-41-1145,172-972-7308
972,Stephenie,McBay,smcbayqz@issuu.com,Female,112.36.76.227,247-37-3665,783-565-6357
973,Ashia,Craster,acrasterr0@fc2.com,Female,189.169.171.117,114-16-5578,915-816-3317
974,Theresina,Marner,tmarnerr1@xrea.com,Female,132.172.201.73,563-03-9243,939-644-7330
975,Pattie,Macklam,pmacklamr2@gmpg.org,Male,77.11.253.110,451-31-2523,754-941-7822
976,Adriana,Aulsford,aaulsfordr3@senate.gov,Female,108.137.56.106,641-92-7639,717-929-2070
977,Carlita,Van Arsdalen,cvanarsdalenr4@posterous.com,Female,103.211.192.19,596-99-3006,299-655-1931
978,Bidget,Halpine,bhalpiner5@desdev.cn,Female,179.137.239.189,339-47-9172,581-161-4523
979,Forster,Kelwick,fkelwickr6@google.es,Male,170.210.124.134,586-73-5467,
980,Denni,Fuster,dfusterr7@usnews.com,Female,242.67.122.167,593-96-7715,
981,Jacob,Lintill,jlintillr8@wisc.edu,Male,1.244.229.116,670-53-4132,684-656-3891
982,Gigi,Sorley,gsorleyr9@plala.or.jp,Female,79.38.124.117,263-69-3668,242-786-3053
983,Mildrid,Spavins,mspavinsra@reuters.com,Female,33.32.17.94,571-43-9947,
984,Magdalen,Cassedy,mcassedyrb@irs.gov,Female,43.149.161.200,494-33-6705,
985,Gay,Pestridge,gpestridgerc@twitter.com,Female,171.181.123.221,737-46-4083,389-585-2776
986,Holden,Beaty,hbeatyrd@bigcartel.com,Male,68.167.167.142,870-43-1038,729-897-6488
987,Lacy,Huckerbe,lhuckerbere@oakley.com,Agender,168.203.58.116,704-70-8909,810-679-3276
988,Gwenny,Davidovicz,gdavidoviczrf@amazon.co.jp,Female,81.186.80.207,886-66-9756,229-889-7596
989,Fredrika,Endacott,fendacottrg@webs.com,Female,166.138.209.237,717-56-2584,283-407-9991
990,Shaw,Surfleet,ssurfleetrh@vkontakte.ru,Male,190.204.154.253,384-37-3206,388-441-8831
991,Eli,McSporon,emcsporonri@icq.com,Male,6.164.215.10,634-62-0556,121-776-8094
992,Francisca,Muslim,fmuslimrj@nymag.com,Female,184.124.42.133,346-39-5809,765-622-9839
993,Ellery,Kesley,ekesleyrk@ox.ac.uk,Male,91.50.43.228,610-64-8542,595-909-1003
994,Brittan,Inkpin,binkpinrl@google.it,Female,40.56.46.139,129-96-4477,837-740-3461
995,Pall,Kenryd,pkenrydrm@state.gov,Male,91.231.196.116,504-88-8403,378-150-9576
996,Shirleen,Jerdein,sjerdeinrn@myspace.com,Female,108.8.87.0,583-52-4230,599-510-3491
997,Milissent,Walbridge,mwalbridgero@qq.com,Female,171.112.179.228,662-17-4481,134-679-3276
998,Ron,Wooder,rwooderrp@timesonline.co.uk,Male,211.176.228.252,158-46-9180,393-627-2697
999,Niki,Collins,ncollinsrq@ehow.com,Female,244.15.65.206,606-93-1857,241-862-2033
1000,Mercedes,Berkely,mberkelyrr@weebly.com,Female,15.226.84.97,255-79-0130,399-358-7213
